LocalTime, GPSTime, ESSID, BSSID, Power, Security, Latitude, Longitude, Latitude Error, Longitude Error, Type
2024-12-20 23:45:46,1900-01-00 00:00:00,,66:8B:96:5D:9C:24,-85, ,0.000000,0.000000,0.000,0.000,AP
2024-12-20 23:45:46,1900-01-00 00:00:00,Redmi 13C,66:8B:96:5D:9C:24,-87, WPA2 ,0.000000,0.000000,0.000,0.000,AP
2024-12-20 23:45:46,1900-01-00 00:00:00,Redmi 13C,66:8B:96:5D:9C:24,-86, WPA2 ,0.000000,0.000000,0.000,0.000,AP
2024-12-20 23:45:46,1900-01-00 00:00:00,Redmi 13C,66:8B:96:5D:9C:24,-86, WPA2 ,0.000000,0.000000,0.000,0.000,AP
2024-12-20 23:45:46,1900-01-00 00:00:00,Redmi 13C,66:8B:96:5D:9C:24,-86, WPA2 ,0.000000,0.000000,0.000,0.000,AP
2024-12-20 23:45:46,1900-01-00 00:00:00,Redmi 13C,66:8B:96:5D:9C:24,-87, WPA2 ,0.000000,0.000000,0.000,0.000,AP
2024-12-20 23:45:46,1900-01-00 00:00:00,Redmi 13C,66:8B:96:5D:9C:24,-87, WPA2 ,0.000000,0.000000,0.000,0.000,AP
2024-12-20 23:45:46,1900-01-00 00:00:00,Redmi 13C,66:8B:96:5D:9C:24,-87, WPA2 ,0.000000,0.000000,0.000,0.000,AP
2024-12-20 23:45:47,1900-01-00 00:00:00,Redmi 13C,66:8B:96:5D:9C:24,-87, WPA2 ,0.000000,0.000000,0.000,0.000,AP
2024-12-20 23:45:47,1900-01-00 00:00:00,Redmi 13C,66:8B:96:5D:9C:24,-86, WPA2 ,0.000000,0.000000,0.000,0.000,AP
2024-12-20 23:45:47,1900-01-00 00:00:00,Redmi 13C,66:8B:96:5D:9C:24,-85, WPA2 ,0.000000,0.000000,0.000,0.000,AP
2024-12-20 23:45:47,1900-01-00 00:00:00,Redmi 13C,66:8B:96:5D:9C:24,-86, WPA2 ,0.000000,0.000000,0.000,0.000,AP
2024-12-20 23:45:47,1900-01-00 00:00:00,Redmi 13C,66:8B:96:5D:9C:24,-87, WPA2 ,0.000000,0.000000,0.000,0.000,AP
2024-12-20 23:45:47,1900-01-00 00:00:00,Redmi 13C,66:8B:96:5D:9C:24,-88, WPA2 ,0.000000,0.000000,0.000,0.000,AP
2024-12-20 23:45:47,1900-01-00 00:00:00,Redmi 13C,66:8B:96:5D:9C:24,-86, WPA2 ,0.000000,0.000000,0.000,0.000,AP
2024-12-20 23:45:47,1900-01-00 00:00:00,Redmi 13C,66:8B:96:5D:9C:24,-84, WPA2 ,0.000000,0.000000,0.000,0.000,AP
2024-12-20 23:45:47,1900-01-00 00:00:00,Redmi 13C,66:8B:96:5D:9C:24,-85, WPA2 ,0.000000,0.000000,0.000,0.000,AP
2024-12-20 23:45:48,1900-01-00 00:00:00,Redmi 13C,66:8B:96:5D:9C:24,-86, WPA2 ,0.000000,0.000000,0.000,0.000,AP
2024-12-20 23:45:48,1900-01-00 00:00:00,Redmi 13C,66:8B:96:5D:9C:24,-85, WPA2 ,0.000000,0.000000,0.000,0.000,AP
2024-12-20 23:45:48,1900-01-00 00:00:00,Redmi 13C,66:8B:96:5D:9C:24,-85, WPA2 ,0.000000,0.000000,0.000,0.000,AP
2024-12-20 23:45:48,1900-01-00 00:00:00,Redmi 13C,66:8B:96:5D:9C:24,-84, WPA2 ,0.000000,0.000000,0.000,0.000,AP
2024-12-20 23:45:48,1900-01-00 00:00:00,Redmi 13C,66:8B:96:5D:9C:24,-85, WPA2 ,0.000000,0.000000,0.000,0.000,AP
2024-12-20 23:45:48,1900-01-00 00:00:00,Redmi 13C,66:8B:96:5D:9C:24,-85, WPA2 ,0.000000,0.000000,0.000,0.000,AP
2024-12-20 23:45:48,1900-01-00 00:00:00,Redmi 13C,66:8B:96:5D:9C:24,-84, WPA2 ,0.000000,0.000000,0.000,0.000,AP
2024-12-20 23:45:48,1900-01-00 00:00:00,Redmi 13C,66:8B:96:5D:9C:24,-84, WPA2 ,0.000000,0.000000,0.000,0.000,AP
2024-12-20 23:45:48,1900-01-00 00:00:00,Redmi 13C,66:8B:96:5D:9C:24,-86, WPA2 ,0.000000,0.000000,0.000,0.000,AP
2024-12-20 23:45:48,1900-01-00 00:00:00,Redmi 13C,66:8B:96:5D:9C:24,-85, WPA2 ,0.000000,0.000000,0.000,0.000,AP
2024-12-20 23:45:49,1900-01-00 00:00:00,Redmi 13C,66:8B:96:5D:9C:24,-87, WPA2 ,0.000000,0.000000,0.000,0.000,AP
2024-12-20 23:45:49,1900-01-00 00:00:00,Redmi 13C,66:8B:96:5D:9C:24,-86, WPA2 ,0.000000,0.000000,0.000,0.000,AP
2024-12-20 23:45:49,1900-01-00 00:00:00,Redmi 13C,66:8B:96:5D:9C:24,-85, WPA2 ,0.000000,0.000000,0.000,0.000,AP
2024-12-20 23:45:49,1900-01-00 00:00:00,Redmi 13C,66:8B:96:5D:9C:24,-87, WPA2 ,0.000000,0.000000,0.000,0.000,AP
2024-12-20 23:45:49,1900-01-00 00:00:00,Redmi 13C,66:8B:96:5D:9C:24,-86, WPA2 ,0.000000,0.000000,0.000,0.000,AP
2024-12-20 23:45:49,1900-01-00 00:00:00,Redmi 13C,66:8B:96:5D:9C:24,-86, WPA2 ,0.000000,0.000000,0.000,0.000,AP
2024-12-20 23:45:49,1900-01-00 00:00:00,Redmi 13C,66:8B:96:5D:9C:24,-84, WPA2 ,0.000000,0.000000,0.000,0.000,AP
2024-12-20 23:45:49,1900-01-00 00:00:00,Redmi 13C,66:8B:96:5D:9C:24,-84, WPA2 ,0.000000,0.000000,0.000,0.000,AP
2024-12-20 23:45:49,1900-01-00 00:00:00,Redmi 13C,66:8B:96:5D:9C:24,-85, WPA2 ,0.000000,0.000000,0.000,0.000,AP
2024-12-20 23:45:49,1900-01-00 00:00:00,Redmi 13C,66:8B:96:5D:9C:24,-85, WPA2 ,0.000000,0.000000,0.000,0.000,AP
2024-12-20 23:45:50,1900-01-00 00:00:00,Redmi 13C,66:8B:96:5D:9C:24,-85, WPA2 ,0.000000,0.000000,0.000,0.000,AP
2024-12-20 23:45:50,1900-01-00 00:00:00,Redmi 13C,66:8B:96:5D:9C:24,-86, WPA2 ,0.000000,0.000000,0.000,0.000,AP
2024-12-20 23:45:50,1900-01-00 00:00:00,Redmi 13C,66:8B:96:5D:9C:24,-85, WPA2 ,0.000000,0.000000,0.000,0.000,AP
2024-12-20 23:45:50,1900-01-00 00:00:00,Redmi 13C,66:8B:96:5D:9C:24,-86, WPA2 ,0.000000,0.000000,0.000,0.000,AP
2024-12-20 23:45:50,1900-01-00 00:00:00,Redmi 13C,66:8B:96:5D:9C:24,-86, WPA2 ,0.000000,0.000000,0.000,0.000,AP
2024-12-20 23:45:50,1900-01-00 00:00:00,Redmi 13C,66:8B:96:5D:9C:24,-86, WPA2 ,0.000000,0.000000,0.000,0.000,AP
2024-12-20 23:45:50,1900-01-00 00:00:00,Redmi 13C,66:8B:96:5D:9C:24,-86, WPA2 ,0.000000,0.000000,0.000,0.000,AP
2024-12-20 23:45:50,1900-01-00 00:00:00,Redmi 13C,66:8B:96:5D:9C:24,-86, WPA2 ,0.000000,0.000000,0.000,0.000,AP
2024-12-20 23:45:50,1900-01-00 00:00:00,Redmi 13C,66:8B:96:5D:9C:24,-86, WPA2 ,0.000000,0.000000,0.000,0.000,AP
2024-12-20 23:45:50,1900-01-00 00:00:00,Redmi 13C,66:8B:96:5D:9C:24,-86, WPA2 ,0.000000,0.000000,0.000,0.000,AP
2024-12-20 23:45:51,1900-01-00 00:00:00,Redmi 13C,66:8B:96:5D:9C:24,-86, WPA2 ,0.000000,0.000000,0.000,0.000,AP
2024-12-20 23:45:51,1900-01-00 00:00:00,Redmi 13C,66:8B:96:5D:9C:24,-85, WPA2 ,0.000000,0.000000,0.000,0.000,AP
2024-12-20 23:45:51,1900-01-00 00:00:00,Redmi 13C,66:8B:96:5D:9C:24,-86, WPA2 ,0.000000,0.000000,0.000,0.000,AP
2024-12-20 23:45:51,1900-01-00 00:00:00,Redmi 13C,66:8B:96:5D:9C:24,-85, WPA2 ,0.000000,0.000000,0.000,0.000,AP
2024-12-20 23:45:51,1900-01-00 00:00:00,Redmi 13C,66:8B:96:5D:9C:24,-86, WPA2 ,0.000000,0.000000,0.000,0.000,AP
2024-12-20 23:45:51,1900-01-00 00:00:00,Redmi 13C,66:8B:96:5D:9C:24,-87, WPA2 ,0.000000,0.000000,0.000,0.000,AP
2024-12-20 23:45:51,1900-01-00 00:00:00,Redmi 13C,66:8B:96:5D:9C:24,-86, WPA2 ,0.000000,0.000000,0.000,0.000,AP
2024-12-20 23:45:51,1900-01-00 00:00:00,Redmi 13C,66:8B:96:5D:9C:24,-87, WPA2 ,0.000000,0.000000,0.000,0.000,AP
2024-12-20 23:45:51,1900-01-00 00:00:00,Redmi 13C,66:8B:96:5D:9C:24,-89, WPA2 ,0.000000,0.000000,0.000,0.000,AP
2024-12-20 23:45:52,1900-01-00 00:00:00,Redmi 13C,66:8B:96:5D:9C:24,-88, WPA2 ,0.000000,0.000000,0.000,0.000,AP
2024-12-20 23:45:52,1900-01-00 00:00:00,Redmi 13C,66:8B:96:5D:9C:24,-90, WPA2 ,0.000000,0.000000,0.000,0.000,AP
2024-12-20 23:45:52,1900-01-00 00:00:00,Redmi 13C,66:8B:96:5D:9C:24,-91, WPA2 ,0.000000,0.000000,0.000,0.000,AP
2024-12-20 23:45:52,1900-01-00 00:00:00,Redmi 13C,66:8B:96:5D:9C:24,-91, WPA2 ,0.000000,0.000000,0.000,0.000,AP
2024-12-20 23:45:52,1900-01-00 00:00:00,Redmi 13C,66:8B:96:5D:9C:24,-91, WPA2 ,0.000000,0.000000,0.000,0.000,AP
2024-12-20 23:45:52,1900-01-00 00:00:00,Redmi 13C,66:8B:96:5D:9C:24,-90, WPA2 ,0.000000,0.000000,0.000,0.000,AP
2024-12-20 23:45:52,1900-01-00 00:00:00,Redmi 13C,66:8B:96:5D:9C:24,-91, WPA2 ,0.000000,0.000000,0.000,0.000,AP
2024-12-20 23:45:52,1900-01-00 00:00:00,Redmi 13C,66:8B:96:5D:9C:24,-90, WPA2 ,0.000000,0.000000,0.000,0.000,AP
2024-12-20 23:45:52,1900-01-00 00:00:00,Redmi 13C,66:8B:96:5D:9C:24,-86, WPA2 ,0.000000,0.000000,0.000,0.000,AP
2024-12-20 23:45:52,1900-01-00 00:00:00,Redmi 13C,66:8B:96:5D:9C:24,-89, WPA2 ,0.000000,0.000000,0.000,0.000,AP
2024-12-20 23:45:53,1900-01-00 00:00:00,Redmi 13C,66:8B:96:5D:9C:24,-87, WPA2 ,0.000000,0.000000,0.000,0.000,AP
2024-12-20 23:45:53,1900-01-00 00:00:00,Redmi 13C,66:8B:96:5D:9C:24,-89, WPA2 ,0.000000,0.000000,0.000,0.000,AP
2024-12-20 23:45:53,1900-01-00 00:00:00,Redmi 13C,66:8B:96:5D:9C:24,-89, WPA2 ,0.000000,0.000000,0.000,0.000,AP
2024-12-20 23:45:53,1900-01-00 00:00:00,Redmi 13C,66:8B:96:5D:9C:24,-88, WPA2 ,0.000000,0.000000,0.000,0.000,AP
2024-12-20 23:45:53,1900-01-00 00:00:00,Redmi 13C,66:8B:96:5D:9C:24,-88, WPA2 ,0.000000,0.000000,0.000,0.000,AP
2024-12-20 23:45:53,1900-01-00 00:00:00,Redmi 13C,66:8B:96:5D:9C:24,-88, WPA2 ,0.000000,0.000000,0.000,0.000,AP
2024-12-20 23:45:53,1900-01-00 00:00:00,Redmi 13C,66:8B:96:5D:9C:24,-88, WPA2 ,0.000000,0.000000,0.000,0.000,AP
2024-12-20 23:45:53,1900-01-00 00:00:00,Redmi 13C,66:8B:96:5D:9C:24,-87, WPA2 ,0.000000,0.000000,0.000,0.000,AP
2024-12-20 23:45:53,1900-01-00 00:00:00,Redmi 13C,66:8B:96:5D:9C:24,-88, WPA2 ,0.000000,0.000000,0.000,0.000,AP
2024-12-20 23:45:53,1900-01-00 00:00:00,Redmi 13C,66:8B:96:5D:9C:24,-87, WPA2 ,0.000000,0.000000,0.000,0.000,AP
2024-12-20 23:45:54,1900-01-00 00:00:00,Redmi 13C,66:8B:96:5D:9C:24,-88, WPA2 ,0.000000,0.000000,0.000,0.000,AP
2024-12-20 23:45:54,1900-01-00 00:00:00,Redmi 13C,66:8B:96:5D:9C:24,-88, WPA2 ,0.000000,0.000000,0.000,0.000,AP
2024-12-20 23:45:54,1900-01-00 00:00:00,Redmi 13C,66:8B:96:5D:9C:24,-88, WPA2 ,0.000000,0.000000,0.000,0.000,AP
2024-12-20 23:45:54,1900-01-00 00:00:00,Redmi 13C,66:8B:96:5D:9C:24,-88, WPA2 ,0.000000,0.000000,0.000,0.000,AP
2024-12-20 23:45:54,1900-01-00 00:00:00,Redmi 13C,66:8B:96:5D:9C:24,-89, WPA2 ,0.000000,0.000000,0.000,0.000,AP
2024-12-20 23:45:54,1900-01-00 00:00:00,Redmi 13C,66:8B:96:5D:9C:24,-87, WPA2 ,0.000000,0.000000,0.000,0.000,AP
2024-12-20 23:45:54,1900-01-00 00:00:00,Redmi 13C,66:8B:96:5D:9C:24,-87, WPA2 ,0.000000,0.000000,0.000,0.000,AP
2024-12-20 23:45:54,1900-01-00 00:00:00,Redmi 13C,66:8B:96:5D:9C:24,-89, WPA2 ,0.000000,0.000000,0.000,0.000,AP
2024-12-20 23:45:54,1900-01-00 00:00:00,Redmi 13C,66:8B:96:5D:9C:24,-89, WPA2 ,0.000000,0.000000,0.000,0.000,AP
2024-12-20 23:45:54,1900-01-00 00:00:00,Redmi 13C,66:8B:96:5D:9C:24,-88, WPA2 ,0.000000,0.000000,0.000,0.000,AP
2024-12-20 23:45:55,1900-01-00 00:00:00,Redmi 13C,66:8B:96:5D:9C:24,-88, WPA2 ,0.000000,0.000000,0.000,0.000,AP
2024-12-20 23:45:55,1900-01-00 00:00:00,Redmi 13C,66:8B:96:5D:9C:24,-89, WPA2 ,0.000000,0.000000,0.000,0.000,AP
2024-12-20 23:45:55,1900-01-00 00:00:00,Redmi 13C,66:8B:96:5D:9C:24,-87, WPA2 ,0.000000,0.000000,0.000,0.000,AP
2024-12-20 23:45:55,1900-01-00 00:00:00,Redmi 13C,66:8B:96:5D:9C:24,-88, WPA2 ,0.000000,0.000000,0.000,0.000,AP
2024-12-20 23:45:55,1900-01-00 00:00:00,Redmi 13C,66:8B:96:5D:9C:24,-89, WPA2 ,0.000000,0.000000,0.000,0.000,AP
2024-12-20 23:45:55,1900-01-00 00:00:00,Redmi 13C,66:8B:96:5D:9C:24,-89, WPA2 ,0.000000,0.000000,0.000,0.000,AP
2024-12-20 23:45:55,1900-01-00 00:00:00,Redmi 13C,66:8B:96:5D:9C:24,-88, WPA2 ,0.000000,0.000000,0.000,0.000,AP
2024-12-20 23:45:55,1900-01-00 00:00:00,Redmi 13C,66:8B:96:5D:9C:24,-88, WPA2 ,0.000000,0.000000,0.000,0.000,AP
2024-12-20 23:45:55,1900-01-00 00:00:00,Redmi 13C,66:8B:96:5D:9C:24,-88, WPA2 ,0.000000,0.000000,0.000,0.000,AP
2024-12-20 23:45:56,1900-01-00 00:00:00,Redmi 13C,66:8B:96:5D:9C:24,-87, WPA2 ,0.000000,0.000000,0.000,0.000,AP
2024-12-20 23:45:56,1900-01-00 00:00:00,Redmi 13C,66:8B:96:5D:9C:24,-87, WPA2 ,0.000000,0.000000,0.000,0.000,AP
2024-12-20 23:45:56,1900-01-00 00:00:00,Redmi 13C,66:8B:96:5D:9C:24,-87, WPA2 ,0.000000,0.000000,0.000,0.000,AP
2024-12-20 23:45:56,1900-01-00 00:00:00,Redmi 13C,66:8B:96:5D:9C:24,-88, WPA2 ,0.000000,0.000000,0.000,0.000,AP
2024-12-20 23:45:56,1900-01-00 00:00:00,Redmi 13C,66:8B:96:5D:9C:24,-88, WPA2 ,0.000000,0.000000,0.000,0.000,AP
2024-12-20 23:45:56,1900-01-00 00:00:00,Redmi 13C,66:8B:96:5D:9C:24,-87, WPA2 ,0.000000,0.000000,0.000,0.000,AP
2024-12-20 23:45:56,1900-01-00 00:00:00,Redmi 13C,66:8B:96:5D:9C:24,-87, WPA2 ,0.000000,0.000000,0.000,0.000,AP
2024-12-20 23:45:56,1900-01-00 00:00:00,Redmi 13C,66:8B:96:5D:9C:24,-88, WPA2 ,0.000000,0.000000,0.000,0.000,AP
2024-12-20 23:45:56,1900-01-00 00:00:00,Redmi 13C,66:8B:96:5D:9C:24,-88, WPA2 ,0.000000,0.000000,0.000,0.000,AP
2024-12-20 23:45:56,1900-01-00 00:00:00,Redmi 13C,66:8B:96:5D:9C:24,-87, WPA2 ,0.000000,0.000000,0.000,0.000,AP
2024-12-20 23:45:57,1900-01-00 00:00:00,Redmi 13C,66:8B:96:5D:9C:24,-88, WPA2 ,0.000000,0.000000,0.000,0.000,AP
2024-12-20 23:45:57,1900-01-00 00:00:00,Redmi 13C,66:8B:96:5D:9C:24,-88, WPA2 ,0.000000,0.000000,0.000,0.000,AP
2024-12-20 23:45:57,1900-01-00 00:00:00,Redmi 13C,66:8B:96:5D:9C:24,-88, WPA2 ,0.000000,0.000000,0.000,0.000,AP
2024-12-20 23:45:57,1900-01-00 00:00:00,Redmi 13C,66:8B:96:5D:9C:24,-89, WPA2 ,0.000000,0.000000,0.000,0.000,AP
2024-12-20 23:45:57,1900-01-00 00:00:00,Redmi 13C,66:8B:96:5D:9C:24,-86, WPA2 ,0.000000,0.000000,0.000,0.000,AP
2024-12-20 23:45:57,1900-01-00 00:00:00,Redmi 13C,66:8B:96:5D:9C:24,-88, WPA2 ,0.000000,0.000000,0.000,0.000,AP
2024-12-20 23:45:57,1900-01-00 00:00:00,Redmi 13C,66:8B:96:5D:9C:24,-87, WPA2 ,0.000000,0.000000,0.000,0.000,AP
2024-12-20 23:45:57,1900-01-00 00:00:00,Redmi 13C,66:8B:96:5D:9C:24,-89, WPA2 ,0.000000,0.000000,0.000,0.000,AP
2024-12-20 23:45:57,1900-01-00 00:00:00,Redmi 13C,66:8B:96:5D:9C:24,-87, WPA2 ,0.000000,0.000000,0.000,0.000,AP
2024-12-20 23:45:57,1900-01-00 00:00:00,Redmi 13C,66:8B:96:5D:9C:24,-88, WPA2 ,0.000000,0.000000,0.000,0.000,AP
2024-12-20 23:45:58,1900-01-00 00:00:00,Redmi 13C,66:8B:96:5D:9C:24,-87, WPA2 ,0.000000,0.000000,0.000,0.000,AP
2024-12-20 23:45:58,1900-01-00 00:00:00,Redmi 13C,66:8B:96:5D:9C:24,-88, WPA2 ,0.000000,0.000000,0.000,0.000,AP
2024-12-20 23:45:58,1900-01-00 00:00:00,Redmi 13C,66:8B:96:5D:9C:24,-87, WPA2 ,0.000000,0.000000,0.000,0.000,AP
2024-12-20 23:45:58,1900-01-00 00:00:00,Redmi 13C,66:8B:96:5D:9C:24,-86, WPA2 ,0.000000,0.000000,0.000,0.000,AP
2024-12-20 23:45:58,1900-01-00 00:00:00,Redmi 13C,66:8B:96:5D:9C:24,-88, WPA2 ,0.000000,0.000000,0.000,0.000,AP
2024-12-20 23:45:58,1900-01-00 00:00:00,Redmi 13C,66:8B:96:5D:9C:24,-87, WPA2 ,0.000000,0.000000,0.000,0.000,AP
2024-12-20 23:45:58,1900-01-00 00:00:00,Redmi 13C,66:8B:96:5D:9C:24,-88, WPA2 ,0.000000,0.000000,0.000,0.000,AP
2024-12-20 23:45:58,1900-01-00 00:00:00,Redmi 13C,66:8B:96:5D:9C:24,-87, WPA2 ,0.000000,0.000000,0.000,0.000,AP
2024-12-20 23:45:58,1900-01-00 00:00:00,Redmi 13C,66:8B:96:5D:9C:24,-89, WPA2 ,0.000000,0.000000,0.000,0.000,AP
2024-12-20 23:45:58,1900-01-00 00:00:00,Redmi 13C,66:8B:96:5D:9C:24,-89, WPA2 ,0.000000,0.000000,0.000,0.000,AP
2024-12-20 23:45:59,1900-01-00 00:00:00,Redmi 13C,66:8B:96:5D:9C:24,-89, WPA2 ,0.000000,0.000000,0.000,0.000,AP
2024-12-20 23:45:59,1900-01-00 00:00:00,Redmi 13C,66:8B:96:5D:9C:24,-89, WPA2 ,0.000000,0.000000,0.000,0.000,AP
2024-12-20 23:45:59,1900-01-00 00:00:00,Redmi 13C,66:8B:96:5D:9C:24,-88, WPA2 ,0.000000,0.000000,0.000,0.000,AP
2024-12-20 23:45:59,1900-01-00 00:00:00,Redmi 13C,66:8B:96:5D:9C:24,-88, WPA2 ,0.000000,0.000000,0.000,0.000,AP
2024-12-20 23:45:59,1900-01-00 00:00:00,Redmi 13C,66:8B:96:5D:9C:24,-90, WPA2 ,0.000000,0.000000,0.000,0.000,AP
2024-12-20 23:45:59,1900-01-00 00:00:00,Redmi 13C,66:8B:96:5D:9C:24,-89, WPA2 ,0.000000,0.000000,0.000,0.000,AP
2024-12-20 23:45:59,1900-01-00 00:00:00,Redmi 13C,66:8B:96:5D:9C:24,-88, WPA2 ,0.000000,0.000000,0.000,0.000,AP
2024-12-20 23:45:59,1900-01-00 00:00:00,Redmi 13C,66:8B:96:5D:9C:24,-88, WPA2 ,0.000000,0.000000,0.000,0.000,AP
2024-12-20 23:45:59,1900-01-00 00:00:00,Redmi 13C,66:8B:96:5D:9C:24,-89, WPA2 ,0.000000,0.000000,0.000,0.000,AP
2024-12-20 23:46:00,1900-01-00 00:00:00,Redmi 13C,66:8B:96:5D:9C:24,-89, WPA2 ,0.000000,0.000000,0.000,0.000,AP
2024-12-20 23:46:00,1900-01-00 00:00:00,Redmi 13C,66:8B:96:5D:9C:24,-89, WPA2 ,0.000000,0.000000,0.000,0.000,AP
2024-12-20 23:46:00,1900-01-00 00:00:00,Redmi 13C,66:8B:96:5D:9C:24,-89, WPA2 ,0.000000,0.000000,0.000,0.000,AP
2024-12-20 23:46:00,1900-01-00 00:00:00,Redmi 13C,66:8B:96:5D:9C:24,-89, WPA2 ,0.000000,0.000000,0.000,0.000,AP
2024-12-20 23:46:00,1900-01-00 00:00:00,Redmi 13C,66:8B:96:5D:9C:24,-91, WPA2 ,0.000000,0.000000,0.000,0.000,AP
2024-12-20 23:46:00,1900-01-00 00:00:00,Redmi 13C,66:8B:96:5D:9C:24,-91, WPA2 ,0.000000,0.000000,0.000,0.000,AP
2024-12-20 23:46:00,1900-01-00 00:00:00,Redmi 13C,66:8B:96:5D:9C:24,-90, WPA2 ,0.000000,0.000000,0.000,0.000,AP
2024-12-20 23:46:00,1900-01-00 00:00:00,Redmi 13C,66:8B:96:5D:9C:24,-91, WPA2 ,0.000000,0.000000,0.000,0.000,AP
2024-12-20 23:46:00,1900-01-00 00:00:00,Redmi 13C,66:8B:96:5D:9C:24,-89, WPA2 ,0.000000,0.000000,0.000,0.000,AP
2024-12-20 23:46:00,1900-01-00 00:00:00,Redmi 13C,66:8B:96:5D:9C:24,-88, WPA2 ,0.000000,0.000000,0.000,0.000,AP
2024-12-20 23:46:01,1900-01-00 00:00:00,Redmi 13C,66:8B:96:5D:9C:24,-90, WPA2 ,0.000000,0.000000,0.000,0.000,AP
2024-12-20 23:46:01,1900-01-00 00:00:00,Redmi 13C,66:8B:96:5D:9C:24,-90, WPA2 ,0.000000,0.000000,0.000,0.000,AP
2024-12-20 23:46:01,1900-01-00 00:00:00,Redmi 13C,66:8B:96:5D:9C:24,-90, WPA2 ,0.000000,0.000000,0.000,0.000,AP
2024-12-20 23:46:01,1900-01-00 00:00:00,Redmi 13C,66:8B:96:5D:9C:24,-89, WPA2 ,0.000000,0.000000,0.000,0.000,AP
2024-12-20 23:46:01,1900-01-00 00:00:00,Redmi 13C,66:8B:96:5D:9C:24,-89, WPA2 ,0.000000,0.000000,0.000,0.000,AP
2024-12-20 23:46:01,1900-01-00 00:00:00,Redmi 13C,66:8B:96:5D:9C:24,-90, WPA2 ,0.000000,0.000000,0.000,0.000,AP
2024-12-20 23:46:01,1900-01-00 00:00:00,Redmi 13C,66:8B:96:5D:9C:24,-89, WPA2 ,0.000000,0.000000,0.000,0.000,AP
2024-12-20 23:46:01,1900-01-00 00:00:00,Redmi 13C,66:8B:96:5D:9C:24,-91, WPA2 ,0.000000,0.000000,0.000,0.000,AP
2024-12-20 23:46:01,1900-01-00 00:00:00,Redmi 13C,66:8B:96:5D:9C:24,-89, WPA2 ,0.000000,0.000000,0.000,0.000,AP
2024-12-20 23:46:01,1900-01-00 00:00:00,Redmi 13C,66:8B:96:5D:9C:24,-89, WPA2 ,0.000000,0.000000,0.000,0.000,AP
2024-12-20 23:46:02,1900-01-00 00:00:00,Redmi 13C,66:8B:96:5D:9C:24,-89, WPA2 ,0.000000,0.000000,0.000,0.000,AP
2024-12-20 23:46:02,1900-01-00 00:00:00,Redmi 13C,66:8B:96:5D:9C:24,-88, WPA2 ,0.000000,0.000000,0.000,0.000,AP
2024-12-20 23:46:02,1900-01-00 00:00:00,Redmi 13C,66:8B:96:5D:9C:24,-87, WPA2 ,0.000000,0.000000,0.000,0.000,AP
2024-12-20 23:46:02,1900-01-00 00:00:00,Redmi 13C,66:8B:96:5D:9C:24,-89, WPA2 ,0.000000,0.000000,0.000,0.000,AP
2024-12-20 23:46:02,1900-01-00 00:00:00,Redmi 13C,66:8B:96:5D:9C:24,-89, WPA2 ,0.000000,0.000000,0.000,0.000,AP
2024-12-20 23:46:02,1900-01-00 00:00:00,Redmi 13C,66:8B:96:5D:9C:24,-88, WPA2 ,0.000000,0.000000,0.000,0.000,AP
2024-12-20 23:46:02,1900-01-00 00:00:00,Redmi 13C,66:8B:96:5D:9C:24,-88, WPA2 ,0.000000,0.000000,0.000,0.000,AP
2024-12-20 23:46:02,1900-01-00 00:00:00,Redmi 13C,66:8B:96:5D:9C:24,-89, WPA2 ,0.000000,0.000000,0.000,0.000,AP
2024-12-20 23:46:02,1900-01-00 00:00:00,Redmi 13C,66:8B:96:5D:9C:24,-87, WPA2 ,0.000000,0.000000,0.000,0.000,AP
2024-12-20 23:46:02,1900-01-00 00:00:00,Redmi 13C,66:8B:96:5D:9C:24,-87, WPA2 ,0.000000,0.000000,0.000,0.000,AP
2024-12-20 23:46:03,1900-01-00 00:00:00,Redmi 13C,66:8B:96:5D:9C:24,-86, WPA2 ,0.000000,0.000000,0.000,0.000,AP
2024-12-20 23:46:03,1900-01-00 00:00:00,Redmi 13C,66:8B:96:5D:9C:24,-86, WPA2 ,0.000000,0.000000,0.000,0.000,AP
2024-12-20 23:46:03,1900-01-00 00:00:00,Redmi 13C,66:8B:96:5D:9C:24,-88, WPA2 ,0.000000,0.000000,0.000,0.000,AP
2024-12-20 23:46:03,1900-01-00 00:00:00,Redmi 13C,66:8B:96:5D:9C:24,-86, WPA2 ,0.000000,0.000000,0.000,0.000,AP
2024-12-20 23:46:03,1900-01-00 00:00:00,Redmi 13C,66:8B:96:5D:9C:24,-86, WPA2 ,0.000000,0.000000,0.000,0.000,AP
2024-12-20 23:46:03,1900-01-00 00:00:00,Redmi 13C,66:8B:96:5D:9C:24,-86, WPA2 ,0.000000,0.000000,0.000,0.000,AP
2024-12-20 23:46:03,1900-01-00 00:00:00,Redmi 13C,66:8B:96:5D:9C:24,-88, WPA2 ,0.000000,0.000000,0.000,0.000,AP
2024-12-20 23:46:03,1900-01-00 00:00:00,Redmi 13C,66:8B:96:5D:9C:24,-87, WPA2 ,0.000000,0.000000,0.000,0.000,AP
2024-12-20 23:46:03,1900-01-00 00:00:00,Redmi 13C,66:8B:96:5D:9C:24,-87, WPA2 ,0.000000,0.000000,0.000,0.000,AP
2024-12-20 23:46:03,1900-01-00 00:00:00,Redmi 13C,66:8B:96:5D:9C:24,-88, WPA2 ,0.000000,0.000000,0.000,0.000,AP
2024-12-20 23:46:04,1900-01-00 00:00:00,Redmi 13C,66:8B:96:5D:9C:24,-87, WPA2 ,0.000000,0.000000,0.000,0.000,AP
2024-12-20 23:46:04,1900-01-00 00:00:00,Redmi 13C,66:8B:96:5D:9C:24,-88, WPA2 ,0.000000,0.000000,0.000,0.000,AP
2024-12-20 23:46:04,1900-01-00 00:00:00,Redmi 13C,66:8B:96:5D:9C:24,-87, WPA2 ,0.000000,0.000000,0.000,0.000,AP
2024-12-20 23:46:04,1900-01-00 00:00:00,Redmi 13C,66:8B:96:5D:9C:24,-88, WPA2 ,0.000000,0.000000,0.000,0.000,AP
2024-12-20 23:46:04,1900-01-00 00:00:00,Redmi 13C,66:8B:96:5D:9C:24,-87, WPA2 ,0.000000,0.000000,0.000,0.000,AP
2024-12-20 23:46:04,1900-01-00 00:00:00,Redmi 13C,66:8B:96:5D:9C:24,-87, WPA2 ,0.000000,0.000000,0.000,0.000,AP
2024-12-20 23:46:04,1900-01-00 00:00:00,Redmi 13C,66:8B:96:5D:9C:24,-88, WPA2 ,0.000000,0.000000,0.000,0.000,AP
2024-12-20 23:46:04,1900-01-00 00:00:00,Redmi 13C,66:8B:96:5D:9C:24,-88, WPA2 ,0.000000,0.000000,0.000,0.000,AP
2024-12-20 23:46:04,1900-01-00 00:00:00,Redmi 13C,66:8B:96:5D:9C:24,-87, WPA2 ,0.000000,0.000000,0.000,0.000,AP
2024-12-20 23:46:05,1900-01-00 00:00:00,Redmi 13C,66:8B:96:5D:9C:24,-88, WPA2 ,0.000000,0.000000,0.000,0.000,AP
2024-12-20 23:46:05,1900-01-00 00:00:00,Redmi 13C,66:8B:96:5D:9C:24,-88, WPA2 ,0.000000,0.000000,0.000,0.000,AP
2024-12-20 23:46:05,1900-01-00 00:00:00,Redmi 13C,66:8B:96:5D:9C:24,-87, WPA2 ,0.000000,0.000000,0.000,0.000,AP
2024-12-20 23:46:05,1900-01-00 00:00:00,Redmi 13C,66:8B:96:5D:9C:24,-89, WPA2 ,0.000000,0.000000,0.000,0.000,AP
2024-12-20 23:46:05,1900-01-00 00:00:00,Redmi 13C,66:8B:96:5D:9C:24,-90, WPA2 ,0.000000,0.000000,0.000,0.000,AP
2024-12-20 23:46:05,1900-01-00 00:00:00,Redmi 13C,66:8B:96:5D:9C:24,-90, WPA2 ,0.000000,0.000000,0.000,0.000,AP
2024-12-20 23:46:05,1900-01-00 00:00:00,Redmi 13C,66:8B:96:5D:9C:24,-88, WPA2 ,0.000000,0.000000,0.000,0.000,AP
2024-12-20 23:46:05,1900-01-00 00:00:00,Redmi 13C,66:8B:96:5D:9C:24,-88, WPA2 ,0.000000,0.000000,0.000,0.000,AP
2024-12-20 23:46:05,1900-01-00 00:00:00,Redmi 13C,66:8B:96:5D:9C:24,-87, WPA2 ,0.000000,0.000000,0.000,0.000,AP
2024-12-20 23:46:05,1900-01-00 00:00:00,Redmi 13C,66:8B:96:5D:9C:24,-89, WPA2 ,0.000000,0.000000,0.000,0.000,AP
2024-12-20 23:46:06,1900-01-00 00:00:00,Redmi 13C,66:8B:96:5D:9C:24,-90, WPA2 ,0.000000,0.000000,0.000,0.000,AP
2024-12-20 23:46:06,1900-01-00 00:00:00,Redmi 13C,66:8B:96:5D:9C:24,-89, WPA2 ,0.000000,0.000000,0.000,0.000,AP
2024-12-20 23:46:06,1900-01-00 00:00:00,Redmi 13C,66:8B:96:5D:9C:24,-87, WPA2 ,0.000000,0.000000,0.000,0.000,AP
2024-12-20 23:46:06,1900-01-00 00:00:00,Redmi 13C,66:8B:96:5D:9C:24,-88, WPA2 ,0.000000,0.000000,0.000,0.000,AP
2024-12-20 23:46:06,1900-01-00 00:00:00,Redmi 13C,66:8B:96:5D:9C:24,-89, WPA2 ,0.000000,0.000000,0.000,0.000,AP
2024-12-20 23:46:06,1900-01-00 00:00:00,Redmi 13C,66:8B:96:5D:9C:24,-90, WPA2 ,0.000000,0.000000,0.000,0.000,AP
2024-12-20 23:46:06,1900-01-00 00:00:00,Redmi 13C,66:8B:96:5D:9C:24,-90, WPA2 ,0.000000,0.000000,0.000,0.000,AP
2024-12-20 23:46:06,1900-01-00 00:00:00,Redmi 13C,66:8B:96:5D:9C:24,-90, WPA2 ,0.000000,0.000000,0.000,0.000,AP
2024-12-20 23:46:06,1900-01-00 00:00:00,Redmi 13C,66:8B:96:5D:9C:24,-90, WPA2 ,0.000000,0.000000,0.000,0.000,AP
2024-12-20 23:46:06,1900-01-00 00:00:00,Redmi 13C,66:8B:96:5D:9C:24,-91, WPA2 ,0.000000,0.000000,0.000,0.000,AP
2024-12-20 23:46:07,1900-01-00 00:00:00,Redmi 13C,66:8B:96:5D:9C:24,-90, WPA2 ,0.000000,0.000000,0.000,0.000,AP
2024-12-20 23:46:07,1900-01-00 00:00:00,Redmi 13C,66:8B:96:5D:9C:24,-90, WPA2 ,0.000000,0.000000,0.000,0.000,AP
2024-12-20 23:46:07,1900-01-00 00:00:00,Redmi 13C,66:8B:96:5D:9C:24,-89, WPA2 ,0.000000,0.000000,0.000,0.000,AP
2024-12-20 23:46:07,1900-01-00 00:00:00,Redmi 13C,66:8B:96:5D:9C:24,-90, WPA2 ,0.000000,0.000000,0.000,0.000,AP
2024-12-20 23:46:07,1900-01-00 00:00:00,Redmi 13C,66:8B:96:5D:9C:24,-90, WPA2 ,0.000000,0.000000,0.000,0.000,AP
2024-12-20 23:46:07,1900-01-00 00:00:00,Redmi 13C,66:8B:96:5D:9C:24,-89, WPA2 ,0.000000,0.000000,0.000,0.000,AP
2024-12-20 23:46:07,1900-01-00 00:00:00,Redmi 13C,66:8B:96:5D:9C:24,-90, WPA2 ,0.000000,0.000000,0.000,0.000,AP
2024-12-20 23:46:07,1900-01-00 00:00:00,Redmi 13C,66:8B:96:5D:9C:24,-90, WPA2 ,0.000000,0.000000,0.000,0.000,AP
2024-12-20 23:46:07,1900-01-00 00:00:00,Redmi 13C,66:8B:96:5D:9C:24,-89, WPA2 ,0.000000,0.000000,0.000,0.000,AP
2024-12-20 23:46:07,1900-01-00 00:00:00,Redmi 13C,66:8B:96:5D:9C:24,-89, WPA2 ,0.000000,0.000000,0.000,0.000,AP
2024-12-20 23:46:08,1900-01-00 00:00:00,Redmi 13C,66:8B:96:5D:9C:24,-89, WPA2 ,0.000000,0.000000,0.000,0.000,AP
2024-12-20 23:46:08,1900-01-00 00:00:00,Redmi 13C,66:8B:96:5D:9C:24,-89, WPA2 ,0.000000,0.000000,0.000,0.000,AP
2024-12-20 23:46:08,1900-01-00 00:00:00,Redmi 13C,66:8B:96:5D:9C:24,-89, WPA2 ,0.000000,0.000000,0.000,0.000,AP
2024-12-20 23:46:08,1900-01-00 00:00:00,Redmi 13C,66:8B:96:5D:9C:24,-89, WPA2 ,0.000000,0.000000,0.000,0.000,AP
2024-12-20 23:46:08,1900-01-00 00:00:00,Redmi 13C,66:8B:96:5D:9C:24,-89, WPA2 ,0.000000,0.000000,0.000,0.000,AP
2024-12-20 23:46:08,1900-01-00 00:00:00,Redmi 13C,66:8B:96:5D:9C:24,-91, WPA2 ,0.000000,0.000000,0.000,0.000,AP
2024-12-20 23:46:08,1900-01-00 00:00:00,Redmi 13C,66:8B:96:5D:9C:24,-89, WPA2 ,0.000000,0.000000,0.000,0.000,AP
2024-12-20 23:46:08,1900-01-00 00:00:00,Redmi 13C,66:8B:96:5D:9C:24,-90, WPA2 ,0.000000,0.000000,0.000,0.000,AP
2024-12-20 23:46:08,1900-01-00 00:00:00,Redmi 13C,66:8B:96:5D:9C:24,-90, WPA2 ,0.000000,0.000000,0.000,0.000,AP
2024-12-20 23:46:09,1900-01-00 00:00:00,Redmi 13C,66:8B:96:5D:9C:24,-90, WPA2 ,0.000000,0.000000,0.000,0.000,AP
2024-12-20 23:46:09,1900-01-00 00:00:00,Redmi 13C,66:8B:96:5D:9C:24,-89, WPA2 ,0.000000,0.000000,0.000,0.000,AP
2024-12-20 23:46:09,1900-01-00 00:00:00,Redmi 13C,66:8B:96:5D:9C:24,-91, WPA2 ,0.000000,0.000000,0.000,0.000,AP
2024-12-20 23:46:09,1900-01-00 00:00:00,Redmi 13C,66:8B:96:5D:9C:24,-90, WPA2 ,0.000000,0.000000,0.000,0.000,AP
2024-12-20 23:46:09,1900-01-00 00:00:00,Redmi 13C,66:8B:96:5D:9C:24,-91, WPA2 ,0.000000,0.000000,0.000,0.000,AP
2024-12-20 23:46:09,1900-01-00 00:00:00,Redmi 13C,66:8B:96:5D:9C:24,-90, WPA2 ,0.000000,0.000000,0.000,0.000,AP
2024-12-20 23:46:09,1900-01-00 00:00:00,Redmi 13C,66:8B:96:5D:9C:24,-89, WPA2 ,0.000000,0.000000,0.000,0.000,AP
2024-12-20 23:46:09,1900-01-00 00:00:00,Redmi 13C,66:8B:96:5D:9C:24,-89, WPA2 ,0.000000,0.000000,0.000,0.000,AP
2024-12-20 23:46:09,1900-01-00 00:00:00,Redmi 13C,66:8B:96:5D:9C:24,-89, WPA2 ,0.000000,0.000000,0.000,0.000,AP
2024-12-20 23:46:09,1900-01-00 00:00:00,Redmi 13C,66:8B:96:5D:9C:24,-91, WPA2 ,0.000000,0.000000,0.000,0.000,AP
2024-12-20 23:46:10,1900-01-00 00:00:00,Redmi 13C,66:8B:96:5D:9C:24,-91, WPA2 ,0.000000,0.000000,0.000,0.000,AP
2024-12-20 23:46:10,1900-01-00 00:00:00,Redmi 13C,66:8B:96:5D:9C:24,-90, WPA2 ,0.000000,0.000000,0.000,0.000,AP
2024-12-20 23:46:10,1900-01-00 00:00:00,Redmi 13C,66:8B:96:5D:9C:24,-90, WPA2 ,0.000000,0.000000,0.000,0.000,AP
2024-12-20 23:46:10,1900-01-00 00:00:00,Redmi 13C,66:8B:96:5D:9C:24,-90, WPA2 ,0.000000,0.000000,0.000,0.000,AP
2024-12-20 23:46:10,1900-01-00 00:00:00,Redmi 13C,66:8B:96:5D:9C:24,-89, WPA2 ,0.000000,0.000000,0.000,0.000,AP
2024-12-20 23:46:10,1900-01-00 00:00:00,Redmi 13C,66:8B:96:5D:9C:24,-90, WPA2 ,0.000000,0.000000,0.000,0.000,AP
2024-12-20 23:46:10,1900-01-00 00:00:00,Redmi 13C,66:8B:96:5D:9C:24,-89, WPA2 ,0.000000,0.000000,0.000,0.000,AP
2024-12-20 23:46:10,1900-01-00 00:00:00,Redmi 13C,66:8B:96:5D:9C:24,-89, WPA2 ,0.000000,0.000000,0.000,0.000,AP
2024-12-20 23:46:10,1900-01-00 00:00:00,Redmi 13C,66:8B:96:5D:9C:24,-90, WPA2 ,0.000000,0.000000,0.000,0.000,AP
2024-12-20 23:46:10,1900-01-00 00:00:00,Redmi 13C,66:8B:96:5D:9C:24,-86, WPA2 ,0.000000,0.000000,0.000,0.000,AP
2024-12-20 23:46:11,1900-01-00 00:00:00,Redmi 13C,66:8B:96:5D:9C:24,-87, WPA2 ,0.000000,0.000000,0.000,0.000,AP
2024-12-20 23:46:11,1900-01-00 00:00:00,Redmi 13C,66:8B:96:5D:9C:24,-90, WPA2 ,0.000000,0.000000,0.000,0.000,AP
2024-12-20 23:46:11,1900-01-00 00:00:00,Redmi 13C,66:8B:96:5D:9C:24,-90, WPA2 ,0.000000,0.000000,0.000,0.000,AP
2024-12-20 23:46:11,1900-01-00 00:00:00,Redmi 13C,66:8B:96:5D:9C:24,-90, WPA2 ,0.000000,0.000000,0.000,0.000,AP
2024-12-20 23:46:11,1900-01-00 00:00:00,Redmi 13C,66:8B:96:5D:9C:24,-90, WPA2 ,0.000000,0.000000,0.000,0.000,AP
2024-12-20 23:46:12,1900-01-00 00:00:00,Redmi 13C,66:8B:96:5D:9C:24,-88, WPA2 ,0.000000,0.000000,0.000,0.000,AP
2024-12-20 23:46:14,1900-01-00 00:00:00,Redmi 13C,66:8B:96:5D:9C:24,-89, WPA2 ,0.000000,0.000000,0.000,0.000,AP
2024-12-20 23:46:14,1900-01-00 00:00:00,Redmi 13C,66:8B:96:5D:9C:24,-85, WPA2 ,0.000000,0.000000,0.000,0.000,AP
2024-12-20 23:46:14,1900-01-00 00:00:00,Redmi 13C,66:8B:96:5D:9C:24,-83, WPA2 ,0.000000,0.000000,0.000,0.000,AP
2024-12-20 23:46:14,1900-01-00 00:00:00,Redmi 13C,66:8B:96:5D:9C:24,-86, WPA2 ,0.000000,0.000000,0.000,0.000,AP
2024-12-20 23:46:14,1900-01-00 00:00:00,Redmi 13C,66:8B:96:5D:9C:24,-82, WPA2 ,0.000000,0.000000,0.000,0.000,AP
2024-12-20 23:46:14,1900-01-00 00:00:00,Redmi 13C,66:8B:96:5D:9C:24,-81, WPA2 ,0.000000,0.000000,0.000,0.000,AP
2024-12-20 23:46:14,1900-01-00 00:00:00,Redmi 13C,66:8B:96:5D:9C:24,-86, WPA2 ,0.000000,0.000000,0.000,0.000,AP
2024-12-20 23:46:15,1900-01-00 00:00:00,Redmi 13C,66:8B:96:5D:9C:24,-84, WPA2 ,0.000000,0.000000,0.000,0.000,AP
2024-12-20 23:46:15,1900-01-00 00:00:00,Redmi 13C,66:8B:96:5D:9C:24,-82, WPA2 ,0.000000,0.000000,0.000,0.000,AP
2024-12-20 23:46:15,1900-01-00 00:00:00,Redmi 13C,66:8B:96:5D:9C:24,-86, WPA2 ,0.000000,0.000000,0.000,0.000,AP
2024-12-20 23:46:15,1900-01-00 00:00:00,Redmi 13C,66:8B:96:5D:9C:24,-85, WPA2 ,0.000000,0.000000,0.000,0.000,AP
2024-12-20 23:46:15,1900-01-00 00:00:00,Redmi 13C,66:8B:96:5D:9C:24,-89, WPA2 ,0.000000,0.000000,0.000,0.000,AP
2024-12-20 23:46:15,1900-01-00 00:00:00,Redmi 13C,66:8B:96:5D:9C:24,-88, WPA2 ,0.000000,0.000000,0.000,0.000,AP
2024-12-20 23:46:15,1900-01-00 00:00:00,Redmi 13C,66:8B:96:5D:9C:24,-86, WPA2 ,0.000000,0.000000,0.000,0.000,AP
2024-12-20 23:46:15,1900-01-00 00:00:00,Redmi 13C,66:8B:96:5D:9C:24,-84, WPA2 ,0.000000,0.000000,0.000,0.000,AP
2024-12-20 23:46:15,1900-01-00 00:00:00,Redmi 13C,66:8B:96:5D:9C:24,-85, WPA2 ,0.000000,0.000000,0.000,0.000,AP
2024-12-20 23:46:15,1900-01-00 00:00:00,Redmi 13C,66:8B:96:5D:9C:24,-84, WPA2 ,0.000000,0.000000,0.000,0.000,AP
2024-12-20 23:46:16,1900-01-00 00:00:00,Redmi 13C,66:8B:96:5D:9C:24,-87, WPA2 ,0.000000,0.000000,0.000,0.000,AP
2024-12-20 23:46:16,1900-01-00 00:00:00,Redmi 13C,66:8B:96:5D:9C:24,-87, WPA2 ,0.000000,0.000000,0.000,0.000,AP
2024-12-20 23:46:16,1900-01-00 00:00:00,Redmi 13C,66:8B:96:5D:9C:24,-87, WPA2 ,0.000000,0.000000,0.000,0.000,AP
2024-12-20 23:46:16,1900-01-00 00:00:00,Redmi 13C,66:8B:96:5D:9C:24,-87, WPA2 ,0.000000,0.000000,0.000,0.000,AP
2024-12-20 23:46:16,1900-01-00 00:00:00,Redmi 13C,66:8B:96:5D:9C:24,-87, WPA2 ,0.000000,0.000000,0.000,0.000,AP
2024-12-20 23:46:16,1900-01-00 00:00:00,Redmi 13C,66:8B:96:5D:9C:24,-86, WPA2 ,0.000000,0.000000,0.000,0.000,AP
2024-12-20 23:46:16,1900-01-00 00:00:00,Redmi 13C,66:8B:96:5D:9C:24,-87, WPA2 ,0.000000,0.000000,0.000,0.000,AP
2024-12-20 23:46:16,1900-01-00 00:00:00,Redmi 13C,66:8B:96:5D:9C:24,-90, WPA2 ,0.000000,0.000000,0.000,0.000,AP
2024-12-20 23:46:16,1900-01-00 00:00:00,Redmi 13C,66:8B:96:5D:9C:24,-87, WPA2 ,0.000000,0.000000,0.000,0.000,AP
2024-12-20 23:46:17,1900-01-00 00:00:00,Redmi 13C,66:8B:96:5D:9C:24,-88, WPA2 ,0.000000,0.000000,0.000,0.000,AP
2024-12-20 23:46:17,1900-01-00 00:00:00,Redmi 13C,66:8B:96:5D:9C:24,-88, WPA2 ,0.000000,0.000000,0.000,0.000,AP
2024-12-20 23:46:17,1900-01-00 00:00:00,Redmi 13C,66:8B:96:5D:9C:24,-87, WPA2 ,0.000000,0.000000,0.000,0.000,AP
2024-12-20 23:46:17,1900-01-00 00:00:00,Redmi 13C,66:8B:96:5D:9C:24,-88, WPA2 ,0.000000,0.000000,0.000,0.000,AP
2024-12-20 23:46:17,1900-01-00 00:00:00,Redmi 13C,66:8B:96:5D:9C:24,-90, WPA2 ,0.000000,0.000000,0.000,0.000,AP
2024-12-20 23:46:17,1900-01-00 00:00:00,Redmi 13C,66:8B:96:5D:9C:24,-87, WPA2 ,0.000000,0.000000,0.000,0.000,AP
2024-12-20 23:46:17,1900-01-00 00:00:00,Redmi 13C,66:8B:96:5D:9C:24,-89, WPA2 ,0.000000,0.000000,0.000,0.000,AP
2024-12-20 23:46:17,1900-01-00 00:00:00,Redmi 13C,66:8B:96:5D:9C:24,-89, WPA2 ,0.000000,0.000000,0.000,0.000,AP
2024-12-20 23:46:17,1900-01-00 00:00:00,Redmi 13C,66:8B:96:5D:9C:24,-88, WPA2 ,0.000000,0.000000,0.000,0.000,AP
2024-12-20 23:46:17,1900-01-00 00:00:00,Redmi 13C,66:8B:96:5D:9C:24,-89, WPA2 ,0.000000,0.000000,0.000,0.000,AP
2024-12-20 23:46:18,1900-01-00 00:00:00,Redmi 13C,66:8B:96:5D:9C:24,-88, WPA2 ,0.000000,0.000000,0.000,0.000,AP
2024-12-20 23:46:18,1900-01-00 00:00:00,Redmi 13C,66:8B:96:5D:9C:24,-89, WPA2 ,0.000000,0.000000,0.000,0.000,AP
2024-12-20 23:46:19,1900-01-00 00:00:00,Redmi 13C,66:8B:96:5D:9C:24,-88, WPA2 ,0.000000,0.000000,0.000,0.000,AP
2024-12-20 23:46:19,1900-01-00 00:00:00,Redmi 13C,66:8B:96:5D:9C:24,-88, WPA2 ,0.000000,0.000000,0.000,0.000,AP
2024-12-20 23:46:19,1900-01-00 00:00:00,Redmi 13C,66:8B:96:5D:9C:24,-87, WPA2 ,0.000000,0.000000,0.000,0.000,AP
2024-12-20 23:46:19,1900-01-00 00:00:00,Redmi 13C,66:8B:96:5D:9C:24,-87, WPA2 ,0.000000,0.000000,0.000,0.000,AP
2024-12-20 23:46:19,1900-01-00 00:00:00,Redmi 13C,66:8B:96:5D:9C:24,-87, WPA2 ,0.000000,0.000000,0.000,0.000,AP
2024-12-20 23:46:19,1900-01-00 00:00:00,Redmi 13C,66:8B:96:5D:9C:24,-87, WPA2 ,0.000000,0.000000,0.000,0.000,AP
2024-12-20 23:46:19,1900-01-00 00:00:00,Redmi 13C,66:8B:96:5D:9C:24,-87, WPA2 ,0.000000,0.000000,0.000,0.000,AP
2024-12-20 23:46:19,1900-01-00 00:00:00,Redmi 13C,66:8B:96:5D:9C:24,-86, WPA2 ,0.000000,0.000000,0.000,0.000,AP
2024-12-20 23:46:19,1900-01-00 00:00:00,Redmi 13C,66:8B:96:5D:9C:24,-86, WPA2 ,0.000000,0.000000,0.000,0.000,AP
2024-12-20 23:46:19,1900-01-00 00:00:00,Redmi 13C,66:8B:96:5D:9C:24,-87, WPA2 ,0.000000,0.000000,0.000,0.000,AP
2024-12-20 23:46:19,1900-01-00 00:00:00,Redmi 13C,66:8B:96:5D:9C:24,-88, WPA2 ,0.000000,0.000000,0.000,0.000,AP
2024-12-20 23:46:20,1900-01-00 00:00:00,Redmi 13C,66:8B:96:5D:9C:24,-87, WPA2 ,0.000000,0.000000,0.000,0.000,AP
2024-12-20 23:46:20,1900-01-00 00:00:00,Redmi 13C,66:8B:96:5D:9C:24,-86, WPA2 ,0.000000,0.000000,0.000,0.000,AP
2024-12-20 23:46:20,1900-01-00 00:00:00,Redmi 13C,66:8B:96:5D:9C:24,-87, WPA2 ,0.000000,0.000000,0.000,0.000,AP
2024-12-20 23:46:20,1900-01-00 00:00:00,Redmi 13C,66:8B:96:5D:9C:24,-88, WPA2 ,0.000000,0.000000,0.000,0.000,AP
2024-12-20 23:46:20,1900-01-00 00:00:00,Redmi 13C,66:8B:96:5D:9C:24,-87, WPA2 ,0.000000,0.000000,0.000,0.000,AP
2024-12-20 23:46:20,1900-01-00 00:00:00,Redmi 13C,66:8B:96:5D:9C:24,-87, WPA2 ,0.000000,0.000000,0.000,0.000,AP
2024-12-20 23:46:20,1900-01-00 00:00:00,Redmi 13C,66:8B:96:5D:9C:24,-87, WPA2 ,0.000000,0.000000,0.000,0.000,AP
2024-12-20 23:46:20,1900-01-00 00:00:00,Redmi 13C,66:8B:96:5D:9C:24,-88, WPA2 ,0.000000,0.000000,0.000,0.000,AP
2024-12-20 23:46:20,1900-01-00 00:00:00,Redmi 13C,66:8B:96:5D:9C:24,-87, WPA2 ,0.000000,0.000000,0.000,0.000,AP
2024-12-20 23:46:20,1900-01-00 00:00:00,Redmi 13C,66:8B:96:5D:9C:24,-87, WPA2 ,0.000000,0.000000,0.000,0.000,AP
2024-12-20 23:46:21,1900-01-00 00:00:00,Redmi 13C,66:8B:96:5D:9C:24,-86, WPA2 ,0.000000,0.000000,0.000,0.000,AP
2024-12-20 23:46:21,1900-01-00 00:00:00,Redmi 13C,66:8B:96:5D:9C:24,-86, WPA2 ,0.000000,0.000000,0.000,0.000,AP
2024-12-20 23:46:21,1900-01-00 00:00:00,Redmi 13C,66:8B:96:5D:9C:24,-86, WPA2 ,0.000000,0.000000,0.000,0.000,AP
2024-12-20 23:46:21,1900-01-00 00:00:00,Redmi 13C,66:8B:96:5D:9C:24,-86, WPA2 ,0.000000,0.000000,0.000,0.000,AP
2024-12-20 23:46:21,1900-01-00 00:00:00,Redmi 13C,66:8B:96:5D:9C:24,-88, WPA2 ,0.000000,0.000000,0.000,0.000,AP
2024-12-20 23:46:21,1900-01-00 00:00:00,Redmi 13C,66:8B:96:5D:9C:24,-87, WPA2 ,0.000000,0.000000,0.000,0.000,AP
2024-12-20 23:46:21,1900-01-00 00:00:00,Redmi 13C,66:8B:96:5D:9C:24,-87, WPA2 ,0.000000,0.000000,0.000,0.000,AP
2024-12-20 23:46:21,1900-01-00 00:00:00,Redmi 13C,66:8B:96:5D:9C:24,-86, WPA2 ,0.000000,0.000000,0.000,0.000,AP
2024-12-20 23:46:21,1900-01-00 00:00:00,Redmi 13C,66:8B:96:5D:9C:24,-87, WPA2 ,0.000000,0.000000,0.000,0.000,AP
2024-12-20 23:46:22,1900-01-00 00:00:00,Redmi 13C,66:8B:96:5D:9C:24,-86, WPA2 ,0.000000,0.000000,0.000,0.000,AP
2024-12-20 23:46:22,1900-01-00 00:00:00,Redmi 13C,66:8B:96:5D:9C:24,-86, WPA2 ,0.000000,0.000000,0.000,0.000,AP
2024-12-20 23:46:22,1900-01-00 00:00:00,Redmi 13C,66:8B:96:5D:9C:24,-85, WPA2 ,0.000000,0.000000,0.000,0.000,AP
2024-12-20 23:46:22,1900-01-00 00:00:00,Redmi 13C,66:8B:96:5D:9C:24,-86, WPA2 ,0.000000,0.000000,0.000,0.000,AP
2024-12-20 23:46:22,1900-01-00 00:00:00,Redmi 13C,66:8B:96:5D:9C:24,-86, WPA2 ,0.000000,0.000000,0.000,0.000,AP
2024-12-20 23:46:22,1900-01-00 00:00:00,Redmi 13C,66:8B:96:5D:9C:24,-86, WPA2 ,0.000000,0.000000,0.000,0.000,AP
2024-12-20 23:46:22,1900-01-00 00:00:00,Redmi 13C,66:8B:96:5D:9C:24,-86, WPA2 ,0.000000,0.000000,0.000,0.000,AP
2024-12-20 23:46:22,1900-01-00 00:00:00,Redmi 13C,66:8B:96:5D:9C:24,-87, WPA2 ,0.000000,0.000000,0.000,0.000,AP
2024-12-20 23:46:22,1900-01-00 00:00:00,Redmi 13C,66:8B:96:5D:9C:24,-86, WPA2 ,0.000000,0.000000,0.000,0.000,AP
2024-12-20 23:46:22,1900-01-00 00:00:00,Redmi 13C,66:8B:96:5D:9C:24,-86, WPA2 ,0.000000,0.000000,0.000,0.000,AP
2024-12-20 23:46:23,1900-01-00 00:00:00,Redmi 13C,66:8B:96:5D:9C:24,-86, WPA2 ,0.000000,0.000000,0.000,0.000,AP
2024-12-20 23:46:23,1900-01-00 00:00:00,Redmi 13C,66:8B:96:5D:9C:24,-85, WPA2 ,0.000000,0.000000,0.000,0.000,AP
2024-12-20 23:46:23,1900-01-00 00:00:00,Redmi 13C,66:8B:96:5D:9C:24,-86, WPA2 ,0.000000,0.000000,0.000,0.000,AP
2024-12-20 23:46:23,1900-01-00 00:00:00,Redmi 13C,66:8B:96:5D:9C:24,-86, WPA2 ,0.000000,0.000000,0.000,0.000,AP
2024-12-20 23:46:23,1900-01-00 00:00:00,Redmi 13C,66:8B:96:5D:9C:24,-86, WPA2 ,0.000000,0.000000,0.000,0.000,AP
2024-12-20 23:46:23,1900-01-00 00:00:00,Redmi 13C,66:8B:96:5D:9C:24,-85, WPA2 ,0.000000,0.000000,0.000,0.000,AP
2024-12-20 23:46:23,1900-01-00 00:00:00,Redmi 13C,66:8B:96:5D:9C:24,-86, WPA2 ,0.000000,0.000000,0.000,0.000,AP
2024-12-20 23:46:23,1900-01-00 00:00:00,Redmi 13C,66:8B:96:5D:9C:24,-86, WPA2 ,0.000000,0.000000,0.000,0.000,AP
2024-12-20 23:46:23,1900-01-00 00:00:00,Redmi 13C,66:8B:96:5D:9C:24,-87, WPA2 ,0.000000,0.000000,0.000,0.000,AP
2024-12-20 23:46:23,1900-01-00 00:00:00,Redmi 13C,66:8B:96:5D:9C:24,-87, WPA2 ,0.000000,0.000000,0.000,0.000,AP
2024-12-20 23:46:24,1900-01-00 00:00:00,Redmi 13C,66:8B:96:5D:9C:24,-86, WPA2 ,0.000000,0.000000,0.000,0.000,AP
2024-12-20 23:46:24,1900-01-00 00:00:00,Redmi 13C,66:8B:96:5D:9C:24,-85, WPA2 ,0.000000,0.000000,0.000,0.000,AP
2024-12-20 23:46:24,1900-01-00 00:00:00,Redmi 13C,66:8B:96:5D:9C:24,-87, WPA2 ,0.000000,0.000000,0.000,0.000,AP
2024-12-20 23:46:24,1900-01-00 00:00:00,Redmi 13C,66:8B:96:5D:9C:24,-86, WPA2 ,0.000000,0.000000,0.000,0.000,AP
2024-12-20 23:46:24,1900-01-00 00:00:00,Redmi 13C,66:8B:96:5D:9C:24,-85, WPA2 ,0.000000,0.000000,0.000,0.000,AP
2024-12-20 23:46:24,1900-01-00 00:00:00,Redmi 13C,66:8B:96:5D:9C:24,-86, WPA2 ,0.000000,0.000000,0.000,0.000,AP
2024-12-20 23:46:24,1900-01-00 00:00:00,Redmi 13C,66:8B:96:5D:9C:24,-88, WPA2 ,0.000000,0.000000,0.000,0.000,AP
2024-12-20 23:46:24,1900-01-00 00:00:00,Redmi 13C,66:8B:96:5D:9C:24,-85, WPA2 ,0.000000,0.000000,0.000,0.000,AP
2024-12-20 23:46:24,1900-01-00 00:00:00,Redmi 13C,66:8B:96:5D:9C:24,-85, WPA2 ,0.000000,0.000000,0.000,0.000,AP
2024-12-20 23:46:24,1900-01-00 00:00:00,Redmi 13C,66:8B:96:5D:9C:24,-86, WPA2 ,0.000000,0.000000,0.000,0.000,AP
2024-12-20 23:46:25,1900-01-00 00:00:00,Redmi 13C,66:8B:96:5D:9C:24,-85, WPA2 ,0.000000,0.000000,0.000,0.000,AP
2024-12-20 23:46:25,1900-01-00 00:00:00,Redmi 13C,66:8B:96:5D:9C:24,-86, WPA2 ,0.000000,0.000000,0.000,0.000,AP
2024-12-20 23:46:25,1900-01-00 00:00:00,Redmi 13C,66:8B:96:5D:9C:24,-86, WPA2 ,0.000000,0.000000,0.000,0.000,AP
2024-12-20 23:46:25,1900-01-00 00:00:00,Redmi 13C,66:8B:96:5D:9C:24,-90, WPA2 ,0.000000,0.000000,0.000,0.000,AP
2024-12-20 23:46:25,1900-01-00 00:00:00,Redmi 13C,66:8B:96:5D:9C:24,-93, WPA2 ,0.000000,0.000000,0.000,0.000,AP
2024-12-20 23:46:25,1900-01-00 00:00:00,Redmi 13C,66:8B:96:5D:9C:24,-92, WPA2 ,0.000000,0.000000,0.000,0.000,AP
2024-12-20 23:46:25,1900-01-00 00:00:00,Redmi 13C,66:8B:96:5D:9C:24,-92, WPA2 ,0.000000,0.000000,0.000,0.000,AP
2024-12-20 23:46:25,1900-01-00 00:00:00,Redmi 13C,66:8B:96:5D:9C:24,-90, WPA2 ,0.000000,0.000000,0.000,0.000,AP
2024-12-20 23:46:25,1900-01-00 00:00:00,Redmi 13C,66:8B:96:5D:9C:24,-91, WPA2 ,0.000000,0.000000,0.000,0.000,AP
2024-12-20 23:46:26,1900-01-00 00:00:00,Redmi 13C,66:8B:96:5D:9C:24,-92, WPA2 ,0.000000,0.000000,0.000,0.000,AP
2024-12-20 23:46:29,1900-01-00 00:00:00,Redmi 13C,66:8B:96:5D:9C:24,-90, WPA2 ,0.000000,0.000000,0.000,0.000,AP
2024-12-20 23:46:29,1900-01-00 00:00:00,Redmi 13C,66:8B:96:5D:9C:24,-88, WPA2 ,0.000000,0.000000,0.000,0.000,AP
2024-12-20 23:46:29,1900-01-00 00:00:00,Redmi 13C,66:8B:96:5D:9C:24,-88, WPA2 ,0.000000,0.000000,0.000,0.000,AP
2024-12-20 23:46:29,1900-01-00 00:00:00,Redmi 13C,66:8B:96:5D:9C:24,-88, WPA2 ,0.000000,0.000000,0.000,0.000,AP
2024-12-20 23:46:29,1900-01-00 00:00:00,Redmi 13C,66:8B:96:5D:9C:24,-87, WPA2 ,0.000000,0.000000,0.000,0.000,AP
2024-12-20 23:46:30,1900-01-00 00:00:00,Redmi 13C,66:8B:96:5D:9C:24,-88, WPA2 ,0.000000,0.000000,0.000,0.000,AP
2024-12-20 23:46:30,1900-01-00 00:00:00,Redmi 13C,66:8B:96:5D:9C:24,-89, WPA2 ,0.000000,0.000000,0.000,0.000,AP
2024-12-20 23:46:30,1900-01-00 00:00:00,Redmi 13C,66:8B:96:5D:9C:24,-89, WPA2 ,0.000000,0.000000,0.000,0.000,AP
2024-12-20 23:46:30,1900-01-00 00:00:00,Redmi 13C,66:8B:96:5D:9C:24,-88, WPA2 ,0.000000,0.000000,0.000,0.000,AP
2024-12-20 23:46:30,1900-01-00 00:00:00,Redmi 13C,66:8B:96:5D:9C:24,-88, WPA2 ,0.000000,0.000000,0.000,0.000,AP
2024-12-20 23:46:30,1900-01-00 00:00:00,Redmi 13C,66:8B:96:5D:9C:24,-88, WPA2 ,0.000000,0.000000,0.000,0.000,AP
2024-12-20 23:46:30,1900-01-00 00:00:00,Redmi 13C,66:8B:96:5D:9C:24,-87, WPA2 ,0.000000,0.000000,0.000,0.000,AP
2024-12-20 23:46:30,1900-01-00 00:00:00,Redmi 13C,66:8B:96:5D:9C:24,-89, WPA2 ,0.000000,0.000000,0.000,0.000,AP
2024-12-20 23:46:30,1900-01-00 00:00:00,Redmi 13C,66:8B:96:5D:9C:24,-89, WPA2 ,0.000000,0.000000,0.000,0.000,AP
2024-12-20 23:46:30,1900-01-00 00:00:00,Redmi 13C,66:8B:96:5D:9C:24,-89, WPA2 ,0.000000,0.000000,0.000,0.000,AP
2024-12-20 23:46:31,1900-01-00 00:00:00,Redmi 13C,66:8B:96:5D:9C:24,-88, WPA2 ,0.000000,0.000000,0.000,0.000,AP
2024-12-20 23:46:31,1900-01-00 00:00:00,Redmi 13C,66:8B:96:5D:9C:24,-88, WPA2 ,0.000000,0.000000,0.000,0.000,AP
2024-12-20 23:46:31,1900-01-00 00:00:00,Redmi 13C,66:8B:96:5D:9C:24,-88, WPA2 ,0.000000,0.000000,0.000,0.000,AP
2024-12-20 23:46:31,1900-01-00 00:00:00,Redmi 13C,66:8B:96:5D:9C:24,-88, WPA2 ,0.000000,0.000000,0.000,0.000,AP
2024-12-20 23:46:31,1900-01-00 00:00:00,Redmi 13C,66:8B:96:5D:9C:24,-91, WPA2 ,0.000000,0.000000,0.000,0.000,AP
2024-12-20 23:46:31,1900-01-00 00:00:00,Redmi 13C,66:8B:96:5D:9C:24,-88, WPA2 ,0.000000,0.000000,0.000,0.000,AP
2024-12-20 23:46:31,1900-01-00 00:00:00,Redmi 13C,66:8B:96:5D:9C:24,-89, WPA2 ,0.000000,0.000000,0.000,0.000,AP
2024-12-20 23:46:31,1900-01-00 00:00:00,Redmi 13C,66:8B:96:5D:9C:24,-88, WPA2 ,0.000000,0.000000,0.000,0.000,AP
2024-12-20 23:46:31,1900-01-00 00:00:00,Redmi 13C,66:8B:96:5D:9C:24,-90, WPA2 ,0.000000,0.000000,0.000,0.000,AP
2024-12-20 23:46:31,1900-01-00 00:00:00,Redmi 13C,66:8B:96:5D:9C:24,-89, WPA2 ,0.000000,0.000000,0.000,0.000,AP
2024-12-20 23:46:32,1900-01-00 00:00:00,Redmi 13C,66:8B:96:5D:9C:24,-89, WPA2 ,0.000000,0.000000,0.000,0.000,AP
2024-12-20 23:46:32,1900-01-00 00:00:00,Redmi 13C,66:8B:96:5D:9C:24,-88, WPA2 ,0.000000,0.000000,0.000,0.000,AP
2024-12-20 23:46:32,1900-01-00 00:00:00,Redmi 13C,66:8B:96:5D:9C:24,-89, WPA2 ,0.000000,0.000000,0.000,0.000,AP
2024-12-20 23:46:32,1900-01-00 00:00:00,Redmi 13C,66:8B:96:5D:9C:24,-89, WPA2 ,0.000000,0.000000,0.000,0.000,AP
2024-12-20 23:46:32,1900-01-00 00:00:00,Redmi 13C,66:8B:96:5D:9C:24,-87, WPA2 ,0.000000,0.000000,0.000,0.000,AP
2024-12-20 23:46:32,1900-01-00 00:00:00,Redmi 13C,66:8B:96:5D:9C:24,-89, WPA2 ,0.000000,0.000000,0.000,0.000,AP
2024-12-20 23:46:32,1900-01-00 00:00:00,Redmi 13C,66:8B:96:5D:9C:24,-88, WPA2 ,0.000000,0.000000,0.000,0.000,AP
2024-12-20 23:46:32,1900-01-00 00:00:00,Redmi 13C,66:8B:96:5D:9C:24,-88, WPA2 ,0.000000,0.000000,0.000,0.000,AP
2024-12-20 23:46:32,1900-01-00 00:00:00,Redmi 13C,66:8B:96:5D:9C:24,-88, WPA2 ,0.000000,0.000000,0.000,0.000,AP
2024-12-20 23:46:32,1900-01-00 00:00:00,Redmi 13C,66:8B:96:5D:9C:24,-89, WPA2 ,0.000000,0.000000,0.000,0.000,AP
2024-12-20 23:46:33,1900-01-00 00:00:00,Redmi 13C,66:8B:96:5D:9C:24,-88, WPA2 ,0.000000,0.000000,0.000,0.000,AP
2024-12-20 23:46:33,1900-01-00 00:00:00,Redmi 13C,66:8B:96:5D:9C:24,-89, WPA2 ,0.000000,0.000000,0.000,0.000,AP
2024-12-20 23:46:33,1900-01-00 00:00:00,Redmi 13C,66:8B:96:5D:9C:24,-89, WPA2 ,0.000000,0.000000,0.000,0.000,AP
2024-12-20 23:46:33,1900-01-00 00:00:00,Redmi 13C,66:8B:96:5D:9C:24,-91, WPA2 ,0.000000,0.000000,0.000,0.000,AP
2024-12-20 23:46:33,1900-01-00 00:00:00,Redmi 13C,66:8B:96:5D:9C:24,-90, WPA2 ,0.000000,0.000000,0.000,0.000,AP
2024-12-20 23:46:33,1900-01-00 00:00:00,Redmi 13C,66:8B:96:5D:9C:24,-89, WPA2 ,0.000000,0.000000,0.000,0.000,AP
2024-12-20 23:46:33,1900-01-00 00:00:00,Redmi 13C,66:8B:96:5D:9C:24,-88, WPA2 ,0.000000,0.000000,0.000,0.000,AP
2024-12-20 23:46:33,1900-01-00 00:00:00,Redmi 13C,66:8B:96:5D:9C:24,-89, WPA2 ,0.000000,0.000000,0.000,0.000,AP
2024-12-20 23:46:33,1900-01-00 00:00:00,Redmi 13C,66:8B:96:5D:9C:24,-89, WPA2 ,0.000000,0.000000,0.000,0.000,AP
2024-12-20 23:46:33,1900-01-00 00:00:00,Redmi 13C,66:8B:96:5D:9C:24,-89, WPA2 ,0.000000,0.000000,0.000,0.000,AP
2024-12-20 23:46:34,1900-01-00 00:00:00,Redmi 13C,66:8B:96:5D:9C:24,-90, WPA2 ,0.000000,0.000000,0.000,0.000,AP
2024-12-20 23:46:34,1900-01-00 00:00:00,Redmi 13C,66:8B:96:5D:9C:24,-90, WPA2 ,0.000000,0.000000,0.000,0.000,AP
2024-12-20 23:46:34,1900-01-00 00:00:00,Redmi 13C,66:8B:96:5D:9C:24,-90, WPA2 ,0.000000,0.000000,0.000,0.000,AP
2024-12-20 23:46:34,1900-01-00 00:00:00,Redmi 13C,66:8B:96:5D:9C:24,-91, WPA2 ,0.000000,0.000000,0.000,0.000,AP
2024-12-20 23:46:34,1900-01-00 00:00:00,Redmi 13C,66:8B:96:5D:9C:24,-89, WPA2 ,0.000000,0.000000,0.000,0.000,AP
2024-12-20 23:46:34,1900-01-00 00:00:00,Redmi 13C,66:8B:96:5D:9C:24,-92, WPA2 ,0.000000,0.000000,0.000,0.000,AP
2024-12-20 23:46:34,1900-01-00 00:00:00,Redmi 13C,66:8B:96:5D:9C:24,-91, WPA2 ,0.000000,0.000000,0.000,0.000,AP
2024-12-20 23:46:34,1900-01-00 00:00:00,Redmi 13C,66:8B:96:5D:9C:24,-90, WPA2 ,0.000000,0.000000,0.000,0.000,AP
2024-12-20 23:46:34,1900-01-00 00:00:00,Redmi 13C,66:8B:96:5D:9C:24,-90, WPA2 ,0.000000,0.000000,0.000,0.000,AP
2024-12-20 23:46:35,1900-01-00 00:00:00,Redmi 13C,66:8B:96:5D:9C:24,-89, WPA2 ,0.000000,0.000000,0.000,0.000,AP
2024-12-20 23:46:35,1900-01-00 00:00:00,Redmi 13C,66:8B:96:5D:9C:24,-93, WPA2 ,0.000000,0.000000,0.000,0.000,AP
2024-12-20 23:46:35,1900-01-00 00:00:00,Redmi 13C,66:8B:96:5D:9C:24,-90, WPA2 ,0.000000,0.000000,0.000,0.000,AP
2024-12-20 23:46:35,1900-01-00 00:00:00,Redmi 13C,66:8B:96:5D:9C:24,-92, WPA2 ,0.000000,0.000000,0.000,0.000,AP
2024-12-20 23:46:35,1900-01-00 00:00:00,Redmi 13C,66:8B:96:5D:9C:24,-90, WPA2 ,0.000000,0.000000,0.000,0.000,AP
2024-12-20 23:46:35,1900-01-00 00:00:00,Redmi 13C,66:8B:96:5D:9C:24,-91, WPA2 ,0.000000,0.000000,0.000,0.000,AP
2024-12-20 23:46:35,1900-01-00 00:00:00,Redmi 13C,66:8B:96:5D:9C:24,-90, WPA2 ,0.000000,0.000000,0.000,0.000,AP
2024-12-20 23:46:35,1900-01-00 00:00:00,Redmi 13C,66:8B:96:5D:9C:24,-90, WPA2 ,0.000000,0.000000,0.000,0.000,AP
2024-12-20 23:46:35,1900-01-00 00:00:00,Redmi 13C,66:8B:96:5D:9C:24,-90, WPA2 ,0.000000,0.000000,0.000,0.000,AP
2024-12-20 23:46:36,1900-01-00 00:00:00,Redmi 13C,66:8B:96:5D:9C:24,-89, WPA2 ,0.000000,0.000000,0.000,0.000,AP
2024-12-20 23:46:36,1900-01-00 00:00:00,Redmi 13C,66:8B:96:5D:9C:24,-91, WPA2 ,0.000000,0.000000,0.000,0.000,AP
2024-12-20 23:46:36,1900-01-00 00:00:00,Redmi 13C,66:8B:96:5D:9C:24,-90, WPA2 ,0.000000,0.000000,0.000,0.000,AP
2024-12-20 23:46:36,1900-01-00 00:00:00,Redmi 13C,66:8B:96:5D:9C:24,-89, WPA2 ,0.000000,0.000000,0.000,0.000,AP
2024-12-20 23:46:36,1900-01-00 00:00:00,Redmi 13C,66:8B:96:5D:9C:24,-89, WPA2 ,0.000000,0.000000,0.000,0.000,AP
2024-12-20 23:46:36,1900-01-00 00:00:00,Redmi 13C,66:8B:96:5D:9C:24,-90, WPA2 ,0.000000,0.000000,0.000,0.000,AP
2024-12-20 23:46:36,1900-01-00 00:00:00,Redmi 13C,66:8B:96:5D:9C:24,-90, WPA2 ,0.000000,0.000000,0.000,0.000,AP
2024-12-20 23:46:36,1900-01-00 00:00:00,Redmi 13C,66:8B:96:5D:9C:24,-89, WPA2 ,0.000000,0.000000,0.000,0.000,AP
2024-12-20 23:46:36,1900-01-00 00:00:00,Redmi 13C,66:8B:96:5D:9C:24,-90, WPA2 ,0.000000,0.000000,0.000,0.000,AP
2024-12-20 23:46:36,1900-01-00 00:00:00,Redmi 13C,66:8B:96:5D:9C:24,-90, WPA2 ,0.000000,0.000000,0.000,0.000,AP
2024-12-20 23:46:37,1900-01-00 00:00:00,Redmi 13C,66:8B:96:5D:9C:24,-89, WPA2 ,0.000000,0.000000,0.000,0.000,AP
2024-12-20 23:46:37,1900-01-00 00:00:00,Redmi 13C,66:8B:96:5D:9C:24,-88, WPA2 ,0.000000,0.000000,0.000,0.000,AP
2024-12-20 23:46:37,1900-01-00 00:00:00,Redmi 13C,66:8B:96:5D:9C:24,-91, WPA2 ,0.000000,0.000000,0.000,0.000,AP
2024-12-20 23:46:37,1900-01-00 00:00:00,Redmi 13C,66:8B:96:5D:9C:24,-89, WPA2 ,0.000000,0.000000,0.000,0.000,AP
2024-12-20 23:46:37,1900-01-00 00:00:00,Redmi 13C,66:8B:96:5D:9C:24,-90, WPA2 ,0.000000,0.000000,0.000,0.000,AP
2024-12-20 23:46:37,1900-01-00 00:00:00,Redmi 13C,66:8B:96:5D:9C:24,-90, WPA2 ,0.000000,0.000000,0.000,0.000,AP
2024-12-20 23:46:37,1900-01-00 00:00:00,Redmi 13C,66:8B:96:5D:9C:24,-90, WPA2 ,0.000000,0.000000,0.000,0.000,AP
2024-12-20 23:46:37,1900-01-00 00:00:00,Redmi 13C,66:8B:96:5D:9C:24,-91, WPA2 ,0.000000,0.000000,0.000,0.000,AP
2024-12-20 23:46:37,1900-01-00 00:00:00,Redmi 13C,66:8B:96:5D:9C:24,-89, WPA2 ,0.000000,0.000000,0.000,0.000,AP
2024-12-20 23:46:37,1900-01-00 00:00:00,Redmi 13C,66:8B:96:5D:9C:24,-89, WPA2 ,0.000000,0.000000,0.000,0.000,AP
2024-12-20 23:46:38,1900-01-00 00:00:00,Redmi 13C,66:8B:96:5D:9C:24,-91, WPA2 ,0.000000,0.000000,0.000,0.000,AP
2024-12-20 23:46:38,1900-01-00 00:00:00,Redmi 13C,66:8B:96:5D:9C:24,-89, WPA2 ,0.000000,0.000000,0.000,0.000,AP
2024-12-20 23:46:38,1900-01-00 00:00:00,Redmi 13C,66:8B:96:5D:9C:24,-90, WPA2 ,0.000000,0.000000,0.000,0.000,AP
2024-12-20 23:46:38,1900-01-00 00:00:00,Redmi 13C,66:8B:96:5D:9C:24,-92, WPA2 ,0.000000,0.000000,0.000,0.000,AP
2024-12-20 23:46:38,1900-01-00 00:00:00,Redmi 13C,66:8B:96:5D:9C:24,-90, WPA2 ,0.000000,0.000000,0.000,0.000,AP
2024-12-20 23:46:38,1900-01-00 00:00:00,Redmi 13C,66:8B:96:5D:9C:24,-90, WPA2 ,0.000000,0.000000,0.000,0.000,AP
2024-12-20 23:46:38,1900-01-00 00:00:00,Redmi 13C,66:8B:96:5D:9C:24,-88, WPA2 ,0.000000,0.000000,0.000,0.000,AP
2024-12-20 23:46:38,1900-01-00 00:00:00,Redmi 13C,66:8B:96:5D:9C:24,-91, WPA2 ,0.000000,0.000000,0.000,0.000,AP
2024-12-20 23:46:38,1900-01-00 00:00:00,Redmi 13C,66:8B:96:5D:9C:24,-92, WPA2 ,0.000000,0.000000,0.000,0.000,AP
2024-12-20 23:46:39,1900-01-00 00:00:00,Redmi 13C,66:8B:96:5D:9C:24,-90, WPA2 ,0.000000,0.000000,0.000,0.000,AP
2024-12-20 23:46:39,1900-01-00 00:00:00,Redmi 13C,66:8B:96:5D:9C:24,-91, WPA2 ,0.000000,0.000000,0.000,0.000,AP
2024-12-20 23:46:39,1900-01-00 00:00:00,Redmi 13C,66:8B:96:5D:9C:24,-91, WPA2 ,0.000000,0.000000,0.000,0.000,AP
2024-12-20 23:46:39,1900-01-00 00:00:00,Redmi 13C,66:8B:96:5D:9C:24,-91, WPA2 ,0.000000,0.000000,0.000,0.000,AP
2024-12-20 23:46:39,1900-01-00 00:00:00,Redmi 13C,66:8B:96:5D:9C:24,-91, WPA2 ,0.000000,0.000000,0.000,0.000,AP
2024-12-20 23:46:39,1900-01-00 00:00:00,Redmi 13C,66:8B:96:5D:9C:24,-91, WPA2 ,0.000000,0.000000,0.000,0.000,AP
2024-12-20 23:46:39,1900-01-00 00:00:00,Redmi 13C,66:8B:96:5D:9C:24,-91, WPA2 ,0.000000,0.000000,0.000,0.000,AP
2024-12-20 23:46:39,1900-01-00 00:00:00,Redmi 13C,66:8B:96:5D:9C:24,-92, WPA2 ,0.000000,0.000000,0.000,0.000,AP
2024-12-20 23:46:39,1900-01-00 00:00:00,Redmi 13C,66:8B:96:5D:9C:24,-92, WPA2 ,0.000000,0.000000,0.000,0.000,AP
2024-12-20 23:46:40,1900-01-00 00:00:00,Redmi 13C,66:8B:96:5D:9C:24,-90, WPA2 ,0.000000,0.000000,0.000,0.000,AP
2024-12-20 23:46:40,1900-01-00 00:00:00,Redmi 13C,66:8B:96:5D:9C:24,-89, WPA2 ,0.000000,0.000000,0.000,0.000,AP
2024-12-20 23:46:40,1900-01-00 00:00:00,Redmi 13C,66:8B:96:5D:9C:24,-91, WPA2 ,0.000000,0.000000,0.000,0.000,AP
2024-12-20 23:46:40,1900-01-00 00:00:00,Redmi 13C,66:8B:96:5D:9C:24,-91, WPA2 ,0.000000,0.000000,0.000,0.000,AP
2024-12-20 23:46:40,1900-01-00 00:00:00,Redmi 13C,66:8B:96:5D:9C:24,-90, WPA2 ,0.000000,0.000000,0.000,0.000,AP
2024-12-20 23:46:40,1900-01-00 00:00:00,Redmi 13C,66:8B:96:5D:9C:24,-91, WPA2 ,0.000000,0.000000,0.000,0.000,AP
2024-12-20 23:46:40,1900-01-00 00:00:00,Redmi 13C,66:8B:96:5D:9C:24,-90, WPA2 ,0.000000,0.000000,0.000,0.000,AP
2024-12-20 23:46:40,1900-01-00 00:00:00,Redmi 13C,66:8B:96:5D:9C:24,-90, WPA2 ,0.000000,0.000000,0.000,0.000,AP
2024-12-20 23:46:40,1900-01-00 00:00:00,Redmi 13C,66:8B:96:5D:9C:24,-93, WPA2 ,0.000000,0.000000,0.000,0.000,AP
2024-12-20 23:46:40,1900-01-00 00:00:00,Redmi 13C,66:8B:96:5D:9C:24,-93, WPA2 ,0.000000,0.000000,0.000,0.000,AP
2024-12-20 23:46:41,1900-01-00 00:00:00,Redmi 13C,66:8B:96:5D:9C:24,-91, WPA2 ,0.000000,0.000000,0.000,0.000,AP
2024-12-20 23:46:41,1900-01-00 00:00:00,Redmi 13C,66:8B:96:5D:9C:24,-89, WPA2 ,0.000000,0.000000,0.000,0.000,AP
2024-12-20 23:46:41,1900-01-00 00:00:00,Redmi 13C,66:8B:96:5D:9C:24,-89, WPA2 ,0.000000,0.000000,0.000,0.000,AP
2024-12-20 23:46:41,1900-01-00 00:00:00,Redmi 13C,66:8B:96:5D:9C:24,-89, WPA2 ,0.000000,0.000000,0.000,0.000,AP
2024-12-20 23:46:41,1900-01-00 00:00:00,Redmi 13C,66:8B:96:5D:9C:24,-90, WPA2 ,0.000000,0.000000,0.000,0.000,AP
2024-12-20 23:46:41,1900-01-00 00:00:00,Redmi 13C,66:8B:96:5D:9C:24,-90, WPA2 ,0.000000,0.000000,0.000,0.000,AP
2024-12-20 23:46:41,1900-01-00 00:00:00,Redmi 13C,66:8B:96:5D:9C:24,-91, WPA2 ,0.000000,0.000000,0.000,0.000,AP
2024-12-20 23:46:41,1900-01-00 00:00:00,Redmi 13C,66:8B:96:5D:9C:24,-90, WPA2 ,0.000000,0.000000,0.000,0.000,AP
2024-12-20 23:46:41,1900-01-00 00:00:00,Redmi 13C,66:8B:96:5D:9C:24,-91, WPA2 ,0.000000,0.000000,0.000,0.000,AP
2024-12-20 23:46:41,1900-01-00 00:00:00,Redmi 13C,66:8B:96:5D:9C:24,-92, WPA2 ,0.000000,0.000000,0.000,0.000,AP
2024-12-20 23:46:42,1900-01-00 00:00:00,Redmi 13C,66:8B:96:5D:9C:24,-91, WPA2 ,0.000000,0.000000,0.000,0.000,AP
2024-12-20 23:46:42,1900-01-00 00:00:00,Redmi 13C,66:8B:96:5D:9C:24,-89, WPA2 ,0.000000,0.000000,0.000,0.000,AP
2024-12-20 23:46:42,1900-01-00 00:00:00,Redmi 13C,66:8B:96:5D:9C:24,-90, WPA2 ,0.000000,0.000000,0.000,0.000,AP
2024-12-20 23:46:42,1900-01-00 00:00:00,Redmi 13C,66:8B:96:5D:9C:24,-91, WPA2 ,0.000000,0.000000,0.000,0.000,AP
2024-12-20 23:46:42,1900-01-00 00:00:00,Redmi 13C,66:8B:96:5D:9C:24,-91, WPA2 ,0.000000,0.000000,0.000,0.000,AP
2024-12-20 23:46:42,1900-01-00 00:00:00,Redmi 13C,66:8B:96:5D:9C:24,-89, WPA2 ,0.000000,0.000000,0.000,0.000,AP
2024-12-20 23:46:42,1900-01-00 00:00:00,Redmi 13C,66:8B:96:5D:9C:24,-89, WPA2 ,0.000000,0.000000,0.000,0.000,AP
2024-12-20 23:46:42,1900-01-00 00:00:00,Redmi 13C,66:8B:96:5D:9C:24,-92, WPA2 ,0.000000,0.000000,0.000,0.000,AP
2024-12-20 23:46:42,1900-01-00 00:00:00,Redmi 13C,66:8B:96:5D:9C:24,-91, WPA2 ,0.000000,0.000000,0.000,0.000,AP
2024-12-20 23:46:43,1900-01-00 00:00:00,Redmi 13C,66:8B:96:5D:9C:24,-89, WPA2 ,0.000000,0.000000,0.000,0.000,AP
2024-12-20 23:46:43,1900-01-00 00:00:00,Redmi 13C,66:8B:96:5D:9C:24,-90, WPA2 ,0.000000,0.000000,0.000,0.000,AP
2024-12-20 23:46:43,1900-01-00 00:00:00,Redmi 13C,66:8B:96:5D:9C:24,-90, WPA2 ,0.000000,0.000000,0.000,0.000,AP
2024-12-20 23:46:43,1900-01-00 00:00:00,Redmi 13C,66:8B:96:5D:9C:24,-91, WPA2 ,0.000000,0.000000,0.000,0.000,AP
2024-12-20 23:46:43,1900-01-00 00:00:00,Redmi 13C,66:8B:96:5D:9C:24,-92, WPA2 ,0.000000,0.000000,0.000,0.000,AP
2024-12-20 23:46:43,1900-01-00 00:00:00,Redmi 13C,66:8B:96:5D:9C:24,-91, WPA2 ,0.000000,0.000000,0.000,0.000,AP
2024-12-20 23:46:43,1900-01-00 00:00:00,Redmi 13C,66:8B:96:5D:9C:24,-92, WPA2 ,0.000000,0.000000,0.000,0.000,AP
2024-12-20 23:46:43,1900-01-00 00:00:00,Redmi 13C,66:8B:96:5D:9C:24,-92, WPA2 ,0.000000,0.000000,0.000,0.000,AP
2024-12-20 23:46:43,1900-01-00 00:00:00,Redmi 13C,66:8B:96:5D:9C:24,-90, WPA2 ,0.000000,0.000000,0.000,0.000,AP
2024-12-20 23:46:43,1900-01-00 00:00:00,Redmi 13C,66:8B:96:5D:9C:24,-90, WPA2 ,0.000000,0.000000,0.000,0.000,AP
2024-12-20 23:46:44,1900-01-00 00:00:00,Redmi 13C,66:8B:96:5D:9C:24,-90, WPA2 ,0.000000,0.000000,0.000,0.000,AP
2024-12-20 23:46:44,1900-01-00 00:00:00,Redmi 13C,66:8B:96:5D:9C:24,-91, WPA2 ,0.000000,0.000000,0.000,0.000,AP
2024-12-20 23:46:44,1900-01-00 00:00:00,Redmi 13C,66:8B:96:5D:9C:24,-91, WPA2 ,0.000000,0.000000,0.000,0.000,AP
2024-12-20 23:46:44,1900-01-00 00:00:00,Redmi 13C,66:8B:96:5D:9C:24,-91, WPA2 ,0.000000,0.000000,0.000,0.000,AP
2024-12-20 23:46:44,1900-01-00 00:00:00,Redmi 13C,66:8B:96:5D:9C:24,-92, WPA2 ,0.000000,0.000000,0.000,0.000,AP
2024-12-20 23:46:44,1900-01-00 00:00:00,Redmi 13C,66:8B:96:5D:9C:24,-92, WPA2 ,0.000000,0.000000,0.000,0.000,AP
2024-12-20 23:46:44,1900-01-00 00:00:00,Redmi 13C,66:8B:96:5D:9C:24,-90, WPA2 ,0.000000,0.000000,0.000,0.000,AP
2024-12-20 23:46:44,1900-01-00 00:00:00,Redmi 13C,66:8B:96:5D:9C:24,-91, WPA2 ,0.000000,0.000000,0.000,0.000,AP
2024-12-20 23:46:44,1900-01-00 00:00:00,Redmi 13C,66:8B:96:5D:9C:24,-90, WPA2 ,0.000000,0.000000,0.000,0.000,AP
2024-12-20 23:46:45,1900-01-00 00:00:00,Redmi 13C,66:8B:96:5D:9C:24,-92, WPA2 ,0.000000,0.000000,0.000,0.000,AP
2024-12-20 23:46:45,1900-01-00 00:00:00,Redmi 13C,66:8B:96:5D:9C:24,-91, WPA2 ,0.000000,0.000000,0.000,0.000,AP
2024-12-20 23:46:45,1900-01-00 00:00:00,Redmi 13C,66:8B:96:5D:9C:24,-90, WPA2 ,0.000000,0.000000,0.000,0.000,AP
2024-12-20 23:46:45,1900-01-00 00:00:00,Redmi 13C,66:8B:96:5D:9C:24,-91, WPA2 ,0.000000,0.000000,0.000,0.000,AP
2024-12-20 23:46:45,1900-01-00 00:00:00,Redmi 13C,66:8B:96:5D:9C:24,-90, WPA2 ,0.000000,0.000000,0.000,0.000,AP
2024-12-20 23:46:45,1900-01-00 00:00:00,Redmi 13C,66:8B:96:5D:9C:24,-90, WPA2 ,0.000000,0.000000,0.000,0.000,AP
2024-12-20 23:46:45,1900-01-00 00:00:00,Redmi 13C,66:8B:96:5D:9C:24,-92, WPA2 ,0.000000,0.000000,0.000,0.000,AP
2024-12-20 23:46:45,1900-01-00 00:00:00,Redmi 13C,66:8B:96:5D:9C:24,-93, WPA2 ,0.000000,0.000000,0.000,0.000,AP
2024-12-20 23:46:45,1900-01-00 00:00:00,Redmi 13C,66:8B:96:5D:9C:24,-90, WPA2 ,0.000000,0.000000,0.000,0.000,AP
2024-12-20 23:46:45,1900-01-00 00:00:00,Redmi 13C,66:8B:96:5D:9C:24,-90, WPA2 ,0.000000,0.000000,0.000,0.000,AP
2024-12-20 23:46:46,1900-01-00 00:00:00,Redmi 13C,66:8B:96:5D:9C:24,-92, WPA2 ,0.000000,0.000000,0.000,0.000,AP
2024-12-20 23:46:46,1900-01-00 00:00:00,Redmi 13C,66:8B:96:5D:9C:24,-90, WPA2 ,0.000000,0.000000,0.000,0.000,AP
2024-12-20 23:46:46,1900-01-00 00:00:00,Redmi 13C,66:8B:96:5D:9C:24,-90, WPA2 ,0.000000,0.000000,0.000,0.000,AP
2024-12-20 23:46:46,1900-01-00 00:00:00,Redmi 13C,66:8B:96:5D:9C:24,-93, WPA2 ,0.000000,0.000000,0.000,0.000,AP
2024-12-20 23:46:46,1900-01-00 00:00:00,Redmi 13C,66:8B:96:5D:9C:24,-90, WPA2 ,0.000000,0.000000,0.000,0.000,AP
2024-12-20 23:46:46,1900-01-00 00:00:00,Redmi 13C,66:8B:96:5D:9C:24,-91, WPA2 ,0.000000,0.000000,0.000,0.000,AP
2024-12-20 23:46:46,1900-01-00 00:00:00,Redmi 13C,66:8B:96:5D:9C:24,-90, WPA2 ,0.000000,0.000000,0.000,0.000,AP
2024-12-20 23:46:46,1900-01-00 00:00:00,Redmi 13C,66:8B:96:5D:9C:24,-93, WPA2 ,0.000000,0.000000,0.000,0.000,AP
2024-12-20 23:46:46,1900-01-00 00:00:00,Redmi 13C,66:8B:96:5D:9C:24,-88, WPA2 ,0.000000,0.000000,0.000,0.000,AP
2024-12-20 23:46:47,1900-01-00 00:00:00,Redmi 13C,66:8B:96:5D:9C:24,-91, WPA2 ,0.000000,0.000000,0.000,0.000,AP
2024-12-20 23:46:47,1900-01-00 00:00:00,Redmi 13C,66:8B:96:5D:9C:24,-91, WPA2 ,0.000000,0.000000,0.000,0.000,AP
2024-12-20 23:46:47,1900-01-00 00:00:00,Redmi 13C,66:8B:96:5D:9C:24,-91, WPA2 ,0.000000,0.000000,0.000,0.000,AP
2024-12-20 23:46:47,1900-01-00 00:00:00,Redmi 13C,66:8B:96:5D:9C:24,-90, WPA2 ,0.000000,0.000000,0.000,0.000,AP
2024-12-20 23:46:47,1900-01-00 00:00:00,Redmi 13C,66:8B:96:5D:9C:24,-92, WPA2 ,0.000000,0.000000,0.000,0.000,AP
2024-12-20 23:46:47,1900-01-00 00:00:00,Redmi 13C,66:8B:96:5D:9C:24,-90, WPA2 ,0.000000,0.000000,0.000,0.000,AP
2024-12-20 23:46:47,1900-01-00 00:00:00,Redmi 13C,66:8B:96:5D:9C:24,-91, WPA2 ,0.000000,0.000000,0.000,0.000,AP
2024-12-20 23:46:48,1900-01-00 00:00:00,Redmi 13C,66:8B:96:5D:9C:24,-90, WPA2 ,0.000000,0.000000,0.000,0.000,AP
2024-12-20 23:46:48,1900-01-00 00:00:00,Redmi 13C,66:8B:96:5D:9C:24,-90, WPA2 ,0.000000,0.000000,0.000,0.000,AP
2024-12-20 23:46:52,1900-01-00 00:00:00,Redmi 13C,66:8B:96:5D:9C:24,-89, WPA2 ,0.000000,0.000000,0.000,0.000,AP
2024-12-20 23:46:52,1900-01-00 00:00:00,Redmi 13C,66:8B:96:5D:9C:24,-91, WPA2 ,0.000000,0.000000,0.000,0.000,AP
2024-12-20 23:46:56,1900-01-00 00:00:00,Redmi 13C,66:8B:96:5D:9C:24,-89, WPA2 ,0.000000,0.000000,0.000,0.000,AP
2024-12-20 23:46:56,1900-01-00 00:00:00,Redmi 13C,66:8B:96:5D:9C:24,-90, WPA2 ,0.000000,0.000000,0.000,0.000,AP
2024-12-20 23:46:56,1900-01-00 00:00:00,Redmi 13C,66:8B:96:5D:9C:24,-91, WPA2 ,0.000000,0.000000,0.000,0.000,AP
2024-12-20 23:46:56,1900-01-00 00:00:00,Redmi 13C,66:8B:96:5D:9C:24,-89, WPA2 ,0.000000,0.000000,0.000,0.000,AP
2024-12-20 23:46:56,1900-01-00 00:00:00,Redmi 13C,66:8B:96:5D:9C:24,-92, WPA2 ,0.000000,0.000000,0.000,0.000,AP
2024-12-20 23:46:56,1900-01-00 00:00:00,Redmi 13C,66:8B:96:5D:9C:24,-89, WPA2 ,0.000000,0.000000,0.000,0.000,AP
2024-12-20 23:46:56,1900-01-00 00:00:00,Redmi 13C,66:8B:96:5D:9C:24,-91, WPA2 ,0.000000,0.000000,0.000,0.000,AP
2024-12-20 23:46:57,1900-01-00 00:00:00,Redmi 13C,66:8B:96:5D:9C:24,-91, WPA2 ,0.000000,0.000000,0.000,0.000,AP
2024-12-20 23:46:57,1900-01-00 00:00:00,Redmi 13C,66:8B:96:5D:9C:24,-90, WPA2 ,0.000000,0.000000,0.000,0.000,AP
2024-12-20 23:46:57,1900-01-00 00:00:00,Redmi 13C,66:8B:96:5D:9C:24,-90, WPA2 ,0.000000,0.000000,0.000,0.000,AP
2024-12-20 23:46:57,1900-01-00 00:00:00,Redmi 13C,66:8B:96:5D:9C:24,-89, WPA2 ,0.000000,0.000000,0.000,0.000,AP
2024-12-20 23:46:57,1900-01-00 00:00:00,Redmi 13C,66:8B:96:5D:9C:24,-90, WPA2 ,0.000000,0.000000,0.000,0.000,AP
2024-12-20 23:46:57,1900-01-00 00:00:00,Redmi 13C,66:8B:96:5D:9C:24,-89, WPA2 ,0.000000,0.000000,0.000,0.000,AP
2024-12-20 23:46:57,1900-01-00 00:00:00,Redmi 13C,66:8B:96:5D:9C:24,-92, WPA2 ,0.000000,0.000000,0.000,0.000,AP
2024-12-20 23:46:57,1900-01-00 00:00:00,Redmi 13C,66:8B:96:5D:9C:24,-90, WPA2 ,0.000000,0.000000,0.000,0.000,AP
2024-12-20 23:46:57,1900-01-00 00:00:00,Redmi 13C,66:8B:96:5D:9C:24,-88, WPA2 ,0.000000,0.000000,0.000,0.000,AP
2024-12-20 23:46:57,1900-01-00 00:00:00,Redmi 13C,66:8B:96:5D:9C:24,-90, WPA2 ,0.000000,0.000000,0.000,0.000,AP
2024-12-20 23:46:58,1900-01-00 00:00:00,Redmi 13C,66:8B:96:5D:9C:24,-89, WPA2 ,0.000000,0.000000,0.000,0.000,AP
2024-12-20 23:46:58,1900-01-00 00:00:00,Redmi 13C,66:8B:96:5D:9C:24,-91, WPA2 ,0.000000,0.000000,0.000,0.000,AP
2024-12-20 23:46:58,1900-01-00 00:00:00,Redmi 13C,66:8B:96:5D:9C:24,-91, WPA2 ,0.000000,0.000000,0.000,0.000,AP
2024-12-20 23:46:58,1900-01-00 00:00:00,Redmi 13C,66:8B:96:5D:9C:24,-89, WPA2 ,0.000000,0.000000,0.000,0.000,AP
2024-12-20 23:46:58,1900-01-00 00:00:00,Redmi 13C,66:8B:96:5D:9C:24,-89, WPA2 ,0.000000,0.000000,0.000,0.000,AP
2024-12-20 23:46:58,1900-01-00 00:00:00,Redmi 13C,66:8B:96:5D:9C:24,-89, WPA2 ,0.000000,0.000000,0.000,0.000,AP
2024-12-20 23:46:58,1900-01-00 00:00:00,Redmi 13C,66:8B:96:5D:9C:24,-90, WPA2 ,0.000000,0.000000,0.000,0.000,AP
2024-12-20 23:46:58,1900-01-00 00:00:00,Redmi 13C,66:8B:96:5D:9C:24,-89, WPA2 ,0.000000,0.000000,0.000,0.000,AP
2024-12-20 23:46:58,1900-01-00 00:00:00,Redmi 13C,66:8B:96:5D:9C:24,-90, WPA2 ,0.000000,0.000000,0.000,0.000,AP
2024-12-20 23:46:59,1900-01-00 00:00:00,Redmi 13C,66:8B:96:5D:9C:24,-90, WPA2 ,0.000000,0.000000,0.000,0.000,AP
2024-12-20 23:46:59,1900-01-00 00:00:00,Redmi 13C,66:8B:96:5D:9C:24,-91, WPA2 ,0.000000,0.000000,0.000,0.000,AP
2024-12-20 23:46:59,1900-01-00 00:00:00,Redmi 13C,66:8B:96:5D:9C:24,-89, WPA2 ,0.000000,0.000000,0.000,0.000,AP
2024-12-20 23:46:59,1900-01-00 00:00:00,Redmi 13C,66:8B:96:5D:9C:24,-89, WPA2 ,0.000000,0.000000,0.000,0.000,AP
2024-12-20 23:46:59,1900-01-00 00:00:00,Redmi 13C,66:8B:96:5D:9C:24,-90, WPA2 ,0.000000,0.000000,0.000,0.000,AP
2024-12-20 23:46:59,1900-01-00 00:00:00,Redmi 13C,66:8B:96:5D:9C:24,-88, WPA2 ,0.000000,0.000000,0.000,0.000,AP
2024-12-20 23:46:59,1900-01-00 00:00:00,Redmi 13C,66:8B:96:5D:9C:24,-91, WPA2 ,0.000000,0.000000,0.000,0.000,AP
2024-12-20 23:46:59,1900-01-00 00:00:00,Redmi 13C,66:8B:96:5D:9C:24,-89, WPA2 ,0.000000,0.000000,0.000,0.000,AP
2024-12-20 23:46:59,1900-01-00 00:00:00,Redmi 13C,66:8B:96:5D:9C:24,-89, WPA2 ,0.000000,0.000000,0.000,0.000,AP
2024-12-20 23:46:59,1900-01-00 00:00:00,Redmi 13C,66:8B:96:5D:9C:24,-88, WPA2 ,0.000000,0.000000,0.000,0.000,AP
2024-12-20 23:47:00,1900-01-00 00:00:00,Redmi 13C,66:8B:96:5D:9C:24,-88, WPA2 ,0.000000,0.000000,0.000,0.000,AP
2024-12-20 23:47:00,1900-01-00 00:00:00,Redmi 13C,66:8B:96:5D:9C:24,-90, WPA2 ,0.000000,0.000000,0.000,0.000,AP
2024-12-20 23:47:00,1900-01-00 00:00:00,Redmi 13C,66:8B:96:5D:9C:24,-90, WPA2 ,0.000000,0.000000,0.000,0.000,AP
2024-12-20 23:47:00,1900-01-00 00:00:00,Redmi 13C,66:8B:96:5D:9C:24,-90, WPA2 ,0.000000,0.000000,0.000,0.000,AP
2024-12-20 23:47:00,1900-01-00 00:00:00,Redmi 13C,66:8B:96:5D:9C:24,-90, WPA2 ,0.000000,0.000000,0.000,0.000,AP
2024-12-20 23:47:00,1900-01-00 00:00:00,Redmi 13C,66:8B:96:5D:9C:24,-88, WPA2 ,0.000000,0.000000,0.000,0.000,AP
2024-12-20 23:47:00,1900-01-00 00:00:00,Redmi 13C,66:8B:96:5D:9C:24,-89, WPA2 ,0.000000,0.000000,0.000,0.000,AP
2024-12-20 23:47:00,1900-01-00 00:00:00,Redmi 13C,66:8B:96:5D:9C:24,-88, WPA2 ,0.000000,0.000000,0.000,0.000,AP
2024-12-20 23:47:00,1900-01-00 00:00:00,Redmi 13C,66:8B:96:5D:9C:24,-91, WPA2 ,0.000000,0.000000,0.000,0.000,AP
2024-12-20 23:47:00,1900-01-00 00:00:00,Redmi 13C,66:8B:96:5D:9C:24,-90, WPA2 ,0.000000,0.000000,0.000,0.000,AP
2024-12-20 23:47:01,1900-01-00 00:00:00,Redmi 13C,66:8B:96:5D:9C:24,-89, WPA2 ,0.000000,0.000000,0.000,0.000,AP
2024-12-20 23:47:01,1900-01-00 00:00:00,Redmi 13C,66:8B:96:5D:9C:24,-89, WPA2 ,0.000000,0.000000,0.000,0.000,AP
2024-12-20 23:47:01,1900-01-00 00:00:00,Redmi 13C,66:8B:96:5D:9C:24,-90, WPA2 ,0.000000,0.000000,0.000,0.000,AP
2024-12-20 23:47:01,1900-01-00 00:00:00,Redmi 13C,66:8B:96:5D:9C:24,-89, WPA2 ,0.000000,0.000000,0.000,0.000,AP
2024-12-20 23:47:01,1900-01-00 00:00:00,Redmi 13C,66:8B:96:5D:9C:24,-90, WPA2 ,0.000000,0.000000,0.000,0.000,AP
2024-12-20 23:47:01,1900-01-00 00:00:00,Redmi 13C,66:8B:96:5D:9C:24,-89, WPA2 ,0.000000,0.000000,0.000,0.000,AP
2024-12-20 23:47:01,1900-01-00 00:00:00,Redmi 13C,66:8B:96:5D:9C:24,-90, WPA2 ,0.000000,0.000000,0.000,0.000,AP
2024-12-20 23:47:01,1900-01-00 00:00:00,Redmi 13C,66:8B:96:5D:9C:24,-86, WPA2 ,0.000000,0.000000,0.000,0.000,AP
2024-12-20 23:47:01,1900-01-00 00:00:00,Redmi 13C,66:8B:96:5D:9C:24,-90, WPA2 ,0.000000,0.000000,0.000,0.000,AP
2024-12-20 23:47:01,1900-01-00 00:00:00,Redmi 13C,66:8B:96:5D:9C:24,-89, WPA2 ,0.000000,0.000000,0.000,0.000,AP
2024-12-20 23:47:02,1900-01-00 00:00:00,Redmi 13C,66:8B:96:5D:9C:24,-87, WPA2 ,0.000000,0.000000,0.000,0.000,AP
2024-12-20 23:47:02,1900-01-00 00:00:00,Redmi 13C,66:8B:96:5D:9C:24,-89, WPA2 ,0.000000,0.000000,0.000,0.000,AP
2024-12-20 23:47:02,1900-01-00 00:00:00,Redmi 13C,66:8B:96:5D:9C:24,-87, WPA2 ,0.000000,0.000000,0.000,0.000,AP
2024-12-20 23:47:02,1900-01-00 00:00:00,Redmi 13C,66:8B:96:5D:9C:24,-88, WPA2 ,0.000000,0.000000,0.000,0.000,AP
2024-12-20 23:47:02,1900-01-00 00:00:00,Redmi 13C,66:8B:96:5D:9C:24,-87, WPA2 ,0.000000,0.000000,0.000,0.000,AP
2024-12-20 23:47:02,1900-01-00 00:00:00,Redmi 13C,66:8B:96:5D:9C:24,-89, WPA2 ,0.000000,0.000000,0.000,0.000,AP
2024-12-20 23:47:02,1900-01-00 00:00:00,Redmi 13C,66:8B:96:5D:9C:24,-88, WPA2 ,0.000000,0.000000,0.000,0.000,AP
2024-12-20 23:47:02,1900-01-00 00:00:00,Redmi 13C,66:8B:96:5D:9C:24,-89, WPA2 ,0.000000,0.000000,0.000,0.000,AP
2024-12-20 23:47:02,1900-01-00 00:00:00,Redmi 13C,66:8B:96:5D:9C:24,-91, WPA2 ,0.000000,0.000000,0.000,0.000,AP
2024-12-20 23:47:02,1900-01-00 00:00:00,Redmi 13C,66:8B:96:5D:9C:24,-87, WPA2 ,0.000000,0.000000,0.000,0.000,AP
2024-12-20 23:47:03,1900-01-00 00:00:00,Redmi 13C,66:8B:96:5D:9C:24,-89, WPA2 ,0.000000,0.000000,0.000,0.000,AP
2024-12-20 23:47:03,1900-01-00 00:00:00,Redmi 13C,66:8B:96:5D:9C:24,-89, WPA2 ,0.000000,0.000000,0.000,0.000,AP
2024-12-20 23:47:03,1900-01-00 00:00:00,Redmi 13C,66:8B:96:5D:9C:24,-89, WPA2 ,0.000000,0.000000,0.000,0.000,AP
2024-12-20 23:47:03,1900-01-00 00:00:00,Redmi 13C,66:8B:96:5D:9C:24,-88, WPA2 ,0.000000,0.000000,0.000,0.000,AP
2024-12-20 23:47:03,1900-01-00 00:00:00,Redmi 13C,66:8B:96:5D:9C:24,-90, WPA2 ,0.000000,0.000000,0.000,0.000,AP
2024-12-20 23:47:03,1900-01-00 00:00:00,Redmi 13C,66:8B:96:5D:9C:24,-89, WPA2 ,0.000000,0.000000,0.000,0.000,AP
2024-12-20 23:47:03,1900-01-00 00:00:00,Redmi 13C,66:8B:96:5D:9C:24,-90, WPA2 ,0.000000,0.000000,0.000,0.000,AP
2024-12-20 23:47:03,1900-01-00 00:00:00,Redmi 13C,66:8B:96:5D:9C:24,-90, WPA2 ,0.000000,0.000000,0.000,0.000,AP
2024-12-20 23:47:03,1900-01-00 00:00:00,Redmi 13C,66:8B:96:5D:9C:24,-91, WPA2 ,0.000000,0.000000,0.000,0.000,AP
2024-12-20 23:47:04,1900-01-00 00:00:00,Redmi 13C,66:8B:96:5D:9C:24,-90, WPA2 ,0.000000,0.000000,0.000,0.000,AP
2024-12-20 23:47:04,1900-01-00 00:00:00,Redmi 13C,66:8B:96:5D:9C:24,-88, WPA2 ,0.000000,0.000000,0.000,0.000,AP
2024-12-20 23:47:04,1900-01-00 00:00:00,Redmi 13C,66:8B:96:5D:9C:24,-90, WPA2 ,0.000000,0.000000,0.000,0.000,AP
2024-12-20 23:47:04,1900-01-00 00:00:00,Redmi 13C,66:8B:96:5D:9C:24,-90, WPA2 ,0.000000,0.000000,0.000,0.000,AP
2024-12-20 23:47:04,1900-01-00 00:00:00,Redmi 13C,66:8B:96:5D:9C:24,-90, WPA2 ,0.000000,0.000000,0.000,0.000,AP
2024-12-20 23:47:04,1900-01-00 00:00:00,Redmi 13C,66:8B:96:5D:9C:24,-89, WPA2 ,0.000000,0.000000,0.000,0.000,AP
2024-12-20 23:47:04,1900-01-00 00:00:00,Redmi 13C,66:8B:96:5D:9C:24,-89, WPA2 ,0.000000,0.000000,0.000,0.000,AP
2024-12-20 23:47:04,1900-01-00 00:00:00,Redmi 13C,66:8B:96:5D:9C:24,-89, WPA2 ,0.000000,0.000000,0.000,0.000,AP
2024-12-20 23:47:04,1900-01-00 00:00:00,Redmi 13C,66:8B:96:5D:9C:24,-90, WPA2 ,0.000000,0.000000,0.000,0.000,AP
2024-12-20 23:47:04,1900-01-00 00:00:00,Redmi 13C,66:8B:96:5D:9C:24,-91, WPA2 ,0.000000,0.000000,0.000,0.000,AP
2024-12-20 23:47:05,1900-01-00 00:00:00,Redmi 13C,66:8B:96:5D:9C:24,-91, WPA2 ,0.000000,0.000000,0.000,0.000,AP
2024-12-20 23:47:05,1900-01-00 00:00:00,Redmi 13C,66:8B:96:5D:9C:24,-89, WPA2 ,0.000000,0.000000,0.000,0.000,AP
2024-12-20 23:47:05,1900-01-00 00:00:00,Redmi 13C,66:8B:96:5D:9C:24,-88, WPA2 ,0.000000,0.000000,0.000,0.000,AP
2024-12-20 23:47:05,1900-01-00 00:00:00,Redmi 13C,66:8B:96:5D:9C:24,-89, WPA2 ,0.000000,0.000000,0.000,0.000,AP
2024-12-20 23:47:05,1900-01-00 00:00:00,Redmi 13C,66:8B:96:5D:9C:24,-88, WPA2 ,0.000000,0.000000,0.000,0.000,AP
2024-12-20 23:47:05,1900-01-00 00:00:00,Redmi 13C,66:8B:96:5D:9C:24,-91, WPA2 ,0.000000,0.000000,0.000,0.000,AP
2024-12-20 23:47:05,1900-01-00 00:00:00,Redmi 13C,66:8B:96:5D:9C:24,-90, WPA2 ,0.000000,0.000000,0.000,0.000,AP
2024-12-20 23:47:05,1900-01-00 00:00:00,Redmi 13C,66:8B:96:5D:9C:24,-89, WPA2 ,0.000000,0.000000,0.000,0.000,AP
2024-12-20 23:47:05,1900-01-00 00:00:00,Redmi 13C,66:8B:96:5D:9C:24,-91, WPA2 ,0.000000,0.000000,0.000,0.000,AP
2024-12-20 23:47:05,1900-01-00 00:00:00,Redmi 13C,66:8B:96:5D:9C:24,-88, WPA2 ,0.000000,0.000000,0.000,0.000,AP
2024-12-20 23:47:06,1900-01-00 00:00:00,Redmi 13C,66:8B:96:5D:9C:24,-89, WPA2 ,0.000000,0.000000,0.000,0.000,AP
2024-12-20 23:47:06,1900-01-00 00:00:00,Redmi 13C,66:8B:96:5D:9C:24,-91, WPA2 ,0.000000,0.000000,0.000,0.000,AP
2024-12-20 23:47:06,1900-01-00 00:00:00,Redmi 13C,66:8B:96:5D:9C:24,-89, WPA2 ,0.000000,0.000000,0.000,0.000,AP
2024-12-20 23:47:06,1900-01-00 00:00:00,Redmi 13C,66:8B:96:5D:9C:24,-90, WPA2 ,0.000000,0.000000,0.000,0.000,AP
2024-12-20 23:47:06,1900-01-00 00:00:00,Redmi 13C,66:8B:96:5D:9C:24,-90, WPA2 ,0.000000,0.000000,0.000,0.000,AP
2024-12-20 23:47:06,1900-01-00 00:00:00,Redmi 13C,66:8B:96:5D:9C:24,-90, WPA2 ,0.000000,0.000000,0.000,0.000,AP
2024-12-20 23:47:06,1900-01-00 00:00:00,Redmi 13C,66:8B:96:5D:9C:24,-89, WPA2 ,0.000000,0.000000,0.000,0.000,AP
2024-12-20 23:47:06,1900-01-00 00:00:00,Redmi 13C,66:8B:96:5D:9C:24,-89, WPA2 ,0.000000,0.000000,0.000,0.000,AP
2024-12-20 23:47:06,1900-01-00 00:00:00,Redmi 13C,66:8B:96:5D:9C:24,-90, WPA2 ,0.000000,0.000000,0.000,0.000,AP
2024-12-20 23:47:06,1900-01-00 00:00:00,Redmi 13C,66:8B:96:5D:9C:24,-90, WPA2 ,0.000000,0.000000,0.000,0.000,AP
2024-12-20 23:47:07,1900-01-00 00:00:00,Redmi 13C,66:8B:96:5D:9C:24,-90, WPA2 ,0.000000,0.000000,0.000,0.000,AP
2024-12-20 23:47:07,1900-01-00 00:00:00,Redmi 13C,66:8B:96:5D:9C:24,-89, WPA2 ,0.000000,0.000000,0.000,0.000,AP
2024-12-20 23:47:07,1900-01-00 00:00:00,Redmi 13C,66:8B:96:5D:9C:24,-91, WPA2 ,0.000000,0.000000,0.000,0.000,AP
2024-12-20 23:47:07,1900-01-00 00:00:00,Redmi 13C,66:8B:96:5D:9C:24,-87, WPA2 ,0.000000,0.000000,0.000,0.000,AP
2024-12-20 23:47:07,1900-01-00 00:00:00,Redmi 13C,66:8B:96:5D:9C:24,-90, WPA2 ,0.000000,0.000000,0.000,0.000,AP
2024-12-20 23:47:07,1900-01-00 00:00:00,Redmi 13C,66:8B:96:5D:9C:24,-90, WPA2 ,0.000000,0.000000,0.000,0.000,AP
2024-12-20 23:47:07,1900-01-00 00:00:00,Redmi 13C,66:8B:96:5D:9C:24,-89, WPA2 ,0.000000,0.000000,0.000,0.000,AP
2024-12-20 23:47:07,1900-01-00 00:00:00,Redmi 13C,66:8B:96:5D:9C:24,-90, WPA2 ,0.000000,0.000000,0.000,0.000,AP
2024-12-20 23:47:07,1900-01-00 00:00:00,Redmi 13C,66:8B:96:5D:9C:24,-88, WPA2 ,0.000000,0.000000,0.000,0.000,AP
2024-12-20 23:47:07,1900-01-00 00:00:00,Redmi 13C,66:8B:96:5D:9C:24,-90, WPA2 ,0.000000,0.000000,0.000,0.000,AP
2024-12-20 23:47:08,1900-01-00 00:00:00,Redmi 13C,66:8B:96:5D:9C:24,-90, WPA2 ,0.000000,0.000000,0.000,0.000,AP
2024-12-20 23:47:08,1900-01-00 00:00:00,Redmi 13C,66:8B:96:5D:9C:24,-91, WPA2 ,0.000000,0.000000,0.000,0.000,AP
2024-12-20 23:47:08,1900-01-00 00:00:00,Redmi 13C,66:8B:96:5D:9C:24,-90, WPA2 ,0.000000,0.000000,0.000,0.000,AP
2024-12-20 23:47:08,1900-01-00 00:00:00,Redmi 13C,66:8B:96:5D:9C:24,-89, WPA2 ,0.000000,0.000000,0.000,0.000,AP
2024-12-20 23:47:08,1900-01-00 00:00:00,Redmi 13C,66:8B:96:5D:9C:24,-90, WPA2 ,0.000000,0.000000,0.000,0.000,AP
2024-12-20 23:47:08,1900-01-00 00:00:00,Redmi 13C,66:8B:96:5D:9C:24,-88, WPA2 ,0.000000,0.000000,0.000,0.000,AP
2024-12-20 23:47:08,1900-01-00 00:00:00,Redmi 13C,66:8B:96:5D:9C:24,-92, WPA2 ,0.000000,0.000000,0.000,0.000,AP
2024-12-20 23:47:08,1900-01-00 00:00:00,Redmi 13C,66:8B:96:5D:9C:24,-91, WPA2 ,0.000000,0.000000,0.000,0.000,AP
2024-12-20 23:47:08,1900-01-00 00:00:00,Redmi 13C,66:8B:96:5D:9C:24,-90, WPA2 ,0.000000,0.000000,0.000,0.000,AP
2024-12-20 23:47:09,1900-01-00 00:00:00,Redmi 13C,66:8B:96:5D:9C:24,-90, WPA2 ,0.000000,0.000000,0.000,0.000,AP
2024-12-20 23:47:09,1900-01-00 00:00:00,Redmi 13C,66:8B:96:5D:9C:24,-91, WPA2 ,0.000000,0.000000,0.000,0.000,AP
2024-12-20 23:47:09,1900-01-00 00:00:00,Redmi 13C,66:8B:96:5D:9C:24,-91, WPA2 ,0.000000,0.000000,0.000,0.000,AP
2024-12-20 23:47:09,1900-01-00 00:00:00,Redmi 13C,66:8B:96:5D:9C:24,-90, WPA2 ,0.000000,0.000000,0.000,0.000,AP
2024-12-20 23:47:09,1900-01-00 00:00:00,Redmi 13C,66:8B:96:5D:9C:24,-90, WPA2 ,0.000000,0.000000,0.000,0.000,AP
2024-12-20 23:47:09,1900-01-00 00:00:00,Redmi 13C,66:8B:96:5D:9C:24,-89, WPA2 ,0.000000,0.000000,0.000,0.000,AP
2024-12-20 23:47:09,1900-01-00 00:00:00,Redmi 13C,66:8B:96:5D:9C:24,-90, WPA2 ,0.000000,0.000000,0.000,0.000,AP
2024-12-20 23:47:09,1900-01-00 00:00:00,Redmi 13C,66:8B:96:5D:9C:24,-91, WPA2 ,0.000000,0.000000,0.000,0.000,AP
2024-12-20 23:47:09,1900-01-00 00:00:00,Redmi 13C,66:8B:96:5D:9C:24,-90, WPA2 ,0.000000,0.000000,0.000,0.000,AP
2024-12-20 23:47:09,1900-01-00 00:00:00,Redmi 13C,66:8B:96:5D:9C:24,-91, WPA2 ,0.000000,0.000000,0.000,0.000,AP
2024-12-20 23:47:10,1900-01-00 00:00:00,Redmi 13C,66:8B:96:5D:9C:24,-89, WPA2 ,0.000000,0.000000,0.000,0.000,AP
2024-12-20 23:47:10,1900-01-00 00:00:00,Redmi 13C,66:8B:96:5D:9C:24,-89, WPA2 ,0.000000,0.000000,0.000,0.000,AP
2024-12-20 23:47:10,1900-01-00 00:00:00,Redmi 13C,66:8B:96:5D:9C:24,-89, WPA2 ,0.000000,0.000000,0.000,0.000,AP
2024-12-20 23:47:10,1900-01-00 00:00:00,Redmi 13C,66:8B:96:5D:9C:24,-88, WPA2 ,0.000000,0.000000,0.000,0.000,AP
2024-12-20 23:47:10,1900-01-00 00:00:00,Redmi 13C,66:8B:96:5D:9C:24,-89, WPA2 ,0.000000,0.000000,0.000,0.000,AP
2024-12-20 23:47:10,1900-01-00 00:00:00,Redmi 13C,66:8B:96:5D:9C:24,-88, WPA2 ,0.000000,0.000000,0.000,0.000,AP
2024-12-20 23:47:10,1900-01-00 00:00:00,Redmi 13C,66:8B:96:5D:9C:24,-91, WPA2 ,0.000000,0.000000,0.000,0.000,AP
2024-12-20 23:47:10,1900-01-00 00:00:00,Redmi 13C,66:8B:96:5D:9C:24,-89, WPA2 ,0.000000,0.000000,0.000,0.000,AP
2024-12-20 23:47:10,1900-01-00 00:00:00,Redmi 13C,66:8B:96:5D:9C:24,-91, WPA2 ,0.000000,0.000000,0.000,0.000,AP
2024-12-20 23:47:10,1900-01-00 00:00:00,Redmi 13C,66:8B:96:5D:9C:24,-90, WPA2 ,0.000000,0.000000,0.000,0.000,AP
2024-12-20 23:47:11,1900-01-00 00:00:00,Redmi 13C,66:8B:96:5D:9C:24,-91, WPA2 ,0.000000,0.000000,0.000,0.000,AP
2024-12-20 23:47:11,1900-01-00 00:00:00,Redmi 13C,66:8B:96:5D:9C:24,-92, WPA2 ,0.000000,0.000000,0.000,0.000,AP
2024-12-20 23:47:11,1900-01-00 00:00:00,Redmi 13C,66:8B:96:5D:9C:24,-90, WPA2 ,0.000000,0.000000,0.000,0.000,AP
2024-12-20 23:47:11,1900-01-00 00:00:00,Redmi 13C,66:8B:96:5D:9C:24,-89, WPA2 ,0.000000,0.000000,0.000,0.000,AP
2024-12-20 23:47:11,1900-01-00 00:00:00,Redmi 13C,66:8B:96:5D:9C:24,-91, WPA2 ,0.000000,0.000000,0.000,0.000,AP
2024-12-20 23:47:11,1900-01-00 00:00:00,Redmi 13C,66:8B:96:5D:9C:24,-90, WPA2 ,0.000000,0.000000,0.000,0.000,AP
2024-12-20 23:47:11,1900-01-00 00:00:00,Redmi 13C,66:8B:96:5D:9C:24,-90, WPA2 ,0.000000,0.000000,0.000,0.000,AP
2024-12-20 23:47:11,1900-01-00 00:00:00,Redmi 13C,66:8B:96:5D:9C:24,-91, WPA2 ,0.000000,0.000000,0.000,0.000,AP
2024-12-20 23:47:11,1900-01-00 00:00:00,Redmi 13C,66:8B:96:5D:9C:24,-86, WPA2 ,0.000000,0.000000,0.000,0.000,AP
2024-12-20 23:47:11,1900-01-00 00:00:00,Redmi 13C,66:8B:96:5D:9C:24,-91, WPA2 ,0.000000,0.000000,0.000,0.000,AP
2024-12-20 23:47:12,1900-01-00 00:00:00,Redmi 13C,66:8B:96:5D:9C:24,-90, WPA2 ,0.000000,0.000000,0.000,0.000,AP
2024-12-20 23:47:12,1900-01-00 00:00:00,Redmi 13C,66:8B:96:5D:9C:24,-89, WPA2 ,0.000000,0.000000,0.000,0.000,AP
2024-12-20 23:47:12,1900-01-00 00:00:00,Redmi 13C,66:8B:96:5D:9C:24,-89, WPA2 ,0.000000,0.000000,0.000,0.000,AP
2024-12-20 23:47:12,1900-01-00 00:00:00,Redmi 13C,66:8B:96:5D:9C:24,-88, WPA2 ,0.000000,0.000000,0.000,0.000,AP
2024-12-20 23:47:12,1900-01-00 00:00:00,Redmi 13C,66:8B:96:5D:9C:24,-90, WPA2 ,0.000000,0.000000,0.000,0.000,AP
2024-12-20 23:47:12,1900-01-00 00:00:00,Redmi 13C,66:8B:96:5D:9C:24,-90, WPA2 ,0.000000,0.000000,0.000,0.000,AP
2024-12-20 23:47:12,1900-01-00 00:00:00,Redmi 13C,66:8B:96:5D:9C:24,-90, WPA2 ,0.000000,0.000000,0.000,0.000,AP
2024-12-20 23:47:12,1900-01-00 00:00:00,Redmi 13C,66:8B:96:5D:9C:24,-91, WPA2 ,0.000000,0.000000,0.000,0.000,AP
2024-12-20 23:47:12,1900-01-00 00:00:00,Redmi 13C,66:8B:96:5D:9C:24,-88, WPA2 ,0.000000,0.000000,0.000,0.000,AP
2024-12-20 23:47:13,1900-01-00 00:00:00,Redmi 13C,66:8B:96:5D:9C:24,-90, WPA2 ,0.000000,0.000000,0.000,0.000,AP
2024-12-20 23:47:13,1900-01-00 00:00:00,Redmi 13C,66:8B:96:5D:9C:24,-87, WPA2 ,0.000000,0.000000,0.000,0.000,AP
2024-12-20 23:47:13,1900-01-00 00:00:00,Redmi 13C,66:8B:96:5D:9C:24,-90, WPA2 ,0.000000,0.000000,0.000,0.000,AP
2024-12-20 23:47:13,1900-01-00 00:00:00,Redmi 13C,66:8B:96:5D:9C:24,-87, WPA2 ,0.000000,0.000000,0.000,0.000,AP
2024-12-20 23:47:13,1900-01-00 00:00:00,Redmi 13C,66:8B:96:5D:9C:24,-91, WPA2 ,0.000000,0.000000,0.000,0.000,AP
2024-12-20 23:47:13,1900-01-00 00:00:00,Redmi 13C,66:8B:96:5D:9C:24,-89, WPA2 ,0.000000,0.000000,0.000,0.000,AP
2024-12-20 23:47:13,1900-01-00 00:00:00,Redmi 13C,66:8B:96:5D:9C:24,-89, WPA2 ,0.000000,0.000000,0.000,0.000,AP
2024-12-20 23:47:13,1900-01-00 00:00:00,Redmi 13C,66:8B:96:5D:9C:24,-91, WPA2 ,0.000000,0.000000,0.000,0.000,AP
2024-12-20 23:47:13,1900-01-00 00:00:00,Redmi 13C,66:8B:96:5D:9C:24,-90, WPA2 ,0.000000,0.000000,0.000,0.000,AP
2024-12-20 23:47:13,1900-01-00 00:00:00,Redmi 13C,66:8B:96:5D:9C:24,-93, WPA2 ,0.000000,0.000000,0.000,0.000,AP
2024-12-20 23:47:14,1900-01-00 00:00:00,Redmi 13C,66:8B:96:5D:9C:24,-91, WPA2 ,0.000000,0.000000,0.000,0.000,AP
2024-12-20 23:47:14,1900-01-00 00:00:00,Redmi 13C,66:8B:96:5D:9C:24,-92, WPA2 ,0.000000,0.000000,0.000,0.000,AP
2024-12-20 23:47:14,1900-01-00 00:00:00,Redmi 13C,66:8B:96:5D:9C:24,-91, WPA2 ,0.000000,0.000000,0.000,0.000,AP
2024-12-20 23:47:14,1900-01-00 00:00:00,Redmi 13C,66:8B:96:5D:9C:24,-92, WPA2 ,0.000000,0.000000,0.000,0.000,AP
2024-12-20 23:47:14,1900-01-00 00:00:00,Redmi 13C,66:8B:96:5D:9C:24,-91, WPA2 ,0.000000,0.000000,0.000,0.000,AP
2024-12-20 23:47:14,1900-01-00 00:00:00,Redmi 13C,66:8B:96:5D:9C:24,-91, WPA2 ,0.000000,0.000000,0.000,0.000,AP
2024-12-20 23:47:14,1900-01-00 00:00:00,Redmi 13C,66:8B:96:5D:9C:24,-93, WPA2 ,0.000000,0.000000,0.000,0.000,AP
2024-12-20 23:47:14,1900-01-00 00:00:00,Redmi 13C,66:8B:96:5D:9C:24,-92, WPA2 ,0.000000,0.000000,0.000,0.000,AP
2024-12-20 23:47:14,1900-01-00 00:00:00,Redmi 13C,66:8B:96:5D:9C:24,-90, WPA2 ,0.000000,0.000000,0.000,0.000,AP
2024-12-20 23:47:14,1900-01-00 00:00:00,Redmi 13C,66:8B:96:5D:9C:24,-92, WPA2 ,0.000000,0.000000,0.000,0.000,AP
2024-12-20 23:47:15,1900-01-00 00:00:00,Redmi 13C,66:8B:96:5D:9C:24,-93, WPA2 ,0.000000,0.000000,0.000,0.000,AP
2024-12-20 23:47:15,1900-01-00 00:00:00,Redmi 13C,66:8B:96:5D:9C:24,-92, WPA2 ,0.000000,0.000000,0.000,0.000,AP
2024-12-20 23:47:15,1900-01-00 00:00:00,Redmi 13C,66:8B:96:5D:9C:24,-91, WPA2 ,0.000000,0.000000,0.000,0.000,AP
2024-12-20 23:47:15,1900-01-00 00:00:00,Redmi 13C,66:8B:96:5D:9C:24,-92, WPA2 ,0.000000,0.000000,0.000,0.000,AP
2024-12-20 23:47:15,1900-01-00 00:00:00,Redmi 13C,66:8B:96:5D:9C:24,-92, WPA2 ,0.000000,0.000000,0.000,0.000,AP
2024-12-20 23:47:15,1900-01-00 00:00:00,Redmi 13C,66:8B:96:5D:9C:24,-91, WPA2 ,0.000000,0.000000,0.000,0.000,AP
2024-12-20 23:47:15,1900-01-00 00:00:00,Redmi 13C,66:8B:96:5D:9C:24,-92, WPA2 ,0.000000,0.000000,0.000,0.000,AP
2024-12-20 23:47:15,1900-01-00 00:00:00,Redmi 13C,66:8B:96:5D:9C:24,-92, WPA2 ,0.000000,0.000000,0.000,0.000,AP
2024-12-20 23:47:15,1900-01-00 00:00:00,Redmi 13C,66:8B:96:5D:9C:24,-91, WPA2 ,0.000000,0.000000,0.000,0.000,AP
2024-12-20 23:47:16,1900-01-00 00:00:00,Redmi 13C,66:8B:96:5D:9C:24,-90, WPA2 ,0.000000,0.000000,0.000,0.000,AP
2024-12-20 23:47:16,1900-01-00 00:00:00,Redmi 13C,66:8B:96:5D:9C:24,-92, WPA2 ,0.000000,0.000000,0.000,0.000,AP
2024-12-20 23:47:16,1900-01-00 00:00:00,Redmi 13C,66:8B:96:5D:9C:24,-91, WPA2 ,0.000000,0.000000,0.000,0.000,AP
2024-12-20 23:47:16,1900-01-00 00:00:00,Redmi 13C,66:8B:96:5D:9C:24,-93, WPA2 ,0.000000,0.000000,0.000,0.000,AP
2024-12-20 23:47:16,1900-01-00 00:00:00,Redmi 13C,66:8B:96:5D:9C:24,-87, WPA2 ,0.000000,0.000000,0.000,0.000,AP
2024-12-20 23:47:16,1900-01-00 00:00:00,Redmi 13C,66:8B:96:5D:9C:24,-91, WPA2 ,0.000000,0.000000,0.000,0.000,AP
2024-12-20 23:47:16,1900-01-00 00:00:00,Redmi 13C,66:8B:96:5D:9C:24,-90, WPA2 ,0.000000,0.000000,0.000,0.000,AP
2024-12-20 23:47:16,1900-01-00 00:00:00,Redmi 13C,66:8B:96:5D:9C:24,-92, WPA2 ,0.000000,0.000000,0.000,0.000,AP
2024-12-20 23:47:16,1900-01-00 00:00:00,Redmi 13C,66:8B:96:5D:9C:24,-91, WPA2 ,0.000000,0.000000,0.000,0.000,AP
2024-12-20 23:47:17,1900-01-00 00:00:00,Redmi 13C,66:8B:96:5D:9C:24,-90, WPA2 ,0.000000,0.000000,0.000,0.000,AP
2024-12-20 23:47:17,1900-01-00 00:00:00,Redmi 13C,66:8B:96:5D:9C:24,-90, WPA2 ,0.000000,0.000000,0.000,0.000,AP
2024-12-20 23:47:17,1900-01-00 00:00:00,Redmi 13C,66:8B:96:5D:9C:24,-91, WPA2 ,0.000000,0.000000,0.000,0.000,AP
2024-12-20 23:47:17,1900-01-00 00:00:00,Redmi 13C,66:8B:96:5D:9C:24,-93, WPA2 ,0.000000,0.000000,0.000,0.000,AP
2024-12-20 23:47:17,1900-01-00 00:00:00,Redmi 13C,66:8B:96:5D:9C:24,-90, WPA2 ,0.000000,0.000000,0.000,0.000,AP
2024-12-20 23:47:17,1900-01-00 00:00:00,Redmi 13C,66:8B:96:5D:9C:24,-91, WPA2 ,0.000000,0.000000,0.000,0.000,AP
2024-12-20 23:47:17,1900-01-00 00:00:00,Redmi 13C,66:8B:96:5D:9C:24,-91, WPA2 ,0.000000,0.000000,0.000,0.000,AP
2024-12-20 23:47:17,1900-01-00 00:00:00,Redmi 13C,66:8B:96:5D:9C:24,-91, WPA2 ,0.000000,0.000000,0.000,0.000,AP
2024-12-20 23:47:17,1900-01-00 00:00:00,Redmi 13C,66:8B:96:5D:9C:24,-91, WPA2 ,0.000000,0.000000,0.000,0.000,AP
2024-12-20 23:47:17,1900-01-00 00:00:00,Redmi 13C,66:8B:96:5D:9C:24,-90, WPA2 ,0.000000,0.000000,0.000,0.000,AP
2024-12-20 23:47:18,1900-01-00 00:00:00,Redmi 13C,66:8B:96:5D:9C:24,-89, WPA2 ,0.000000,0.000000,0.000,0.000,AP
2024-12-20 23:47:18,1900-01-00 00:00:00,Redmi 13C,66:8B:96:5D:9C:24,-90, WPA2 ,0.000000,0.000000,0.000,0.000,AP
2024-12-20 23:47:18,1900-01-00 00:00:00,Redmi 13C,66:8B:96:5D:9C:24,-90, WPA2 ,0.000000,0.000000,0.000,0.000,AP
2024-12-20 23:47:18,1900-01-00 00:00:00,Redmi 13C,66:8B:96:5D:9C:24,-92, WPA2 ,0.000000,0.000000,0.000,0.000,AP
2024-12-20 23:47:18,1900-01-00 00:00:00,Redmi 13C,66:8B:96:5D:9C:24,-91, WPA2 ,0.000000,0.000000,0.000,0.000,AP
2024-12-20 23:47:18,1900-01-00 00:00:00,Redmi 13C,66:8B:96:5D:9C:24,-91, WPA2 ,0.000000,0.000000,0.000,0.000,AP
2024-12-20 23:47:18,1900-01-00 00:00:00,Redmi 13C,66:8B:96:5D:9C:24,-90, WPA2 ,0.000000,0.000000,0.000,0.000,AP
2024-12-20 23:47:18,1900-01-00 00:00:00,Redmi 13C,66:8B:96:5D:9C:24,-91, WPA2 ,0.000000,0.000000,0.000,0.000,AP
2024-12-20 23:47:18,1900-01-00 00:00:00,Redmi 13C,66:8B:96:5D:9C:24,-92, WPA2 ,0.000000,0.000000,0.000,0.000,AP
2024-12-20 23:47:18,1900-01-00 00:00:00,Redmi 13C,66:8B:96:5D:9C:24,-91, WPA2 ,0.000000,0.000000,0.000,0.000,AP
2024-12-20 23:47:19,1900-01-00 00:00:00,Redmi 13C,66:8B:96:5D:9C:24,-92, WPA2 ,0.000000,0.000000,0.000,0.000,AP
2024-12-20 23:47:19,1900-01-00 00:00:00,Redmi 13C,66:8B:96:5D:9C:24,-93, WPA2 ,0.000000,0.000000,0.000,0.000,AP
2024-12-20 23:47:19,1900-01-00 00:00:00,Redmi 13C,66:8B:96:5D:9C:24,-91, WPA2 ,0.000000,0.000000,0.000,0.000,AP
2024-12-20 23:47:19,1900-01-00 00:00:00,Redmi 13C,66:8B:96:5D:9C:24,-90, WPA2 ,0.000000,0.000000,0.000,0.000,AP
2024-12-20 23:47:19,1900-01-00 00:00:00,Redmi 13C,66:8B:96:5D:9C:24,-92, WPA2 ,0.000000,0.000000,0.000,0.000,AP
2024-12-20 23:47:19,1900-01-00 00:00:00,Redmi 13C,66:8B:96:5D:9C:24,-92, WPA2 ,0.000000,0.000000,0.000,0.000,AP
2024-12-20 23:47:19,1900-01-00 00:00:00,Redmi 13C,66:8B:96:5D:9C:24,-91, WPA2 ,0.000000,0.000000,0.000,0.000,AP
2024-12-20 23:47:19,1900-01-00 00:00:00,Redmi 13C,66:8B:96:5D:9C:24,-90, WPA2 ,0.000000,0.000000,0.000,0.000,AP
2024-12-20 23:47:19,1900-01-00 00:00:00,Redmi 13C,66:8B:96:5D:9C:24,-90, WPA2 ,0.000000,0.000000,0.000,0.000,AP
2024-12-20 23:47:19,1900-01-00 00:00:00,Redmi 13C,66:8B:96:5D:9C:24,-92, WPA2 ,0.000000,0.000000,0.000,0.000,AP
2024-12-20 23:47:20,1900-01-00 00:00:00,Redmi 13C,66:8B:96:5D:9C:24,-91, WPA2 ,0.000000,0.000000,0.000,0.000,AP
2024-12-20 23:47:21,1900-01-00 00:00:00,Redmi 13C,66:8B:96:5D:9C:24,-92, WPA2 ,0.000000,0.000000,0.000,0.000,AP
2024-12-20 23:47:22,1900-01-00 00:00:00,Redmi 13C,66:8B:96:5D:9C:24,-92, WPA2 ,0.000000,0.000000,0.000,0.000,AP
2024-12-20 23:47:23,1900-01-00 00:00:00,Redmi 13C,66:8B:96:5D:9C:24,-93, WPA2 ,0.000000,0.000000,0.000,0.000,AP
2024-12-20 23:47:25,1900-01-00 00:00:00,Redmi 13C,66:8B:96:5D:9C:24,-92, WPA2 ,0.000000,0.000000,0.000,0.000,AP
2024-12-20 23:47:27,1900-01-00 00:00:00,Redmi 13C,66:8B:96:5D:9C:24,-91, WPA2 ,0.000000,0.000000,0.000,0.000,AP
2024-12-20 23:47:27,1900-01-00 00:00:00,Redmi 13C,66:8B:96:5D:9C:24,-91, WPA2 ,0.000000,0.000000,0.000,0.000,AP
2024-12-20 23:47:28,1900-01-00 00:00:00,Redmi 13C,66:8B:96:5D:9C:24,-91, WPA2 ,0.000000,0.000000,0.000,0.000,AP
2024-12-20 23:48:20,1900-01-00 00:00:00,Redmi 13C,66:8B:96:5D:9C:24,-92, WPA2 ,0.000000,0.000000,0.000,0.000,AP
